timestamp,cpu_requests_rabbitmq,mem_requests_rabbitmq,cpu_usage_rabbitmq,mem_usage_rabbitmq,cpu_requests_ts-admin-basic-info-service,mem_requests_ts-admin-basic-info-service,cpu_usage_ts-admin-basic-info-service,mem_usage_ts-admin-basic-info-service,cpu_requests_ts-admin-order-service,mem_requests_ts-admin-order-service,cpu_usage_ts-admin-order-service,mem_usage_ts-admin-order-service,cpu_requests_ts-admin-route-service,mem_requests_ts-admin-route-service,cpu_usage_ts-admin-route-service,mem_usage_ts-admin-route-service,cpu_requests_ts-admin-travel-service,mem_requests_ts-admin-travel-service,cpu_usage_ts-admin-travel-service,mem_usage_ts-admin-travel-service,cpu_requests_ts-admin-user-service,mem_requests_ts-admin-user-service,cpu_usage_ts-admin-user-service,mem_usage_ts-admin-user-service,cpu_requests_ts-assurance-service,mem_requests_ts-assurance-service,cpu_usage_ts-assurance-service,mem_usage_ts-assurance-service,cpu_requests_ts-auth-service,mem_requests_ts-auth-service,cpu_usage_ts-auth-service,mem_usage_ts-auth-service,cpu_requests_ts-avatar-service,mem_requests_ts-avatar-service,cpu_usage_ts-avatar-service,mem_usage_ts-avatar-service,cpu_requests_ts-basic-service,mem_requests_ts-basic-service,cpu_usage_ts-basic-service,mem_usage_ts-basic-service,cpu_requests_ts-cancel-service,mem_requests_ts-cancel-service,cpu_usage_ts-cancel-service,mem_usage_ts-cancel-service,cpu_requests_ts-config-service,mem_requests_ts-config-service,cpu_usage_ts-config-service,mem_usage_ts-config-service,cpu_requests_ts-consign-price-service,mem_requests_ts-consign-price-service,cpu_usage_ts-consign-price-service,mem_usage_ts-consign-price-service,cpu_requests_ts-consign-service,mem_requests_ts-consign-service,cpu_usage_ts-consign-service,mem_usage_ts-consign-service,cpu_requests_ts-contacts-service,mem_requests_ts-contacts-service,cpu_usage_ts-contacts-service,mem_usage_ts-contacts-service,cpu_requests_ts-delivery-service,mem_requests_ts-delivery-service,cpu_usage_ts-delivery-service,mem_usage_ts-delivery-service,cpu_requests_ts-execute-service,mem_requests_ts-execute-service,cpu_usage_ts-execute-service,mem_usage_ts-execute-service,cpu_requests_ts-food-delivery-service,mem_requests_ts-food-delivery-service,cpu_usage_ts-food-delivery-service,mem_usage_ts-food-delivery-service,cpu_requests_ts-food-service,mem_requests_ts-food-service,cpu_usage_ts-food-service,mem_usage_ts-food-service,cpu_requests_ts-gateway-service,mem_requests_ts-gateway-service,cpu_usage_ts-gateway-service,mem_usage_ts-gateway-service,cpu_requests_ts-inside-payment-service,mem_requests_ts-inside-payment-service,cpu_usage_ts-inside-payment-service,mem_usage_ts-inside-payment-service,cpu_requests_ts-news-service,mem_requests_ts-news-service,cpu_usage_ts-news-service,mem_usage_ts-news-service,cpu_requests_ts-notification-service,mem_requests_ts-notification-service,cpu_usage_ts-notification-service,mem_usage_ts-notification-service,cpu_requests_ts-order-other-service,mem_requests_ts-order-other-service,cpu_usage_ts-order-other-service,mem_usage_ts-order-other-service,cpu_requests_ts-order-service,mem_requests_ts-order-service,cpu_usage_ts-order-service,mem_usage_ts-order-service,cpu_requests_ts-payment-service,mem_requests_ts-payment-service,cpu_usage_ts-payment-service,mem_usage_ts-payment-service,cpu_requests_ts-preserve-other-service,mem_requests_ts-preserve-other-service,cpu_usage_ts-preserve-other-service,mem_usage_ts-preserve-other-service,cpu_requests_ts-preserve-service,mem_requests_ts-preserve-service,cpu_usage_ts-preserve-service,mem_usage_ts-preserve-service,cpu_requests_ts-price-service,mem_requests_ts-price-service,cpu_usage_ts-price-service,mem_usage_ts-price-service,cpu_requests_ts-rebook-service,mem_requests_ts-rebook-service,cpu_usage_ts-rebook-service,mem_usage_ts-rebook-service,cpu_requests_ts-route-plan-service,mem_requests_ts-route-plan-service,cpu_usage_ts-route-plan-service,mem_usage_ts-route-plan-service,cpu_requests_ts-route-service,mem_requests_ts-route-service,cpu_usage_ts-route-service,mem_usage_ts-route-service,cpu_requests_ts-seat-service,mem_requests_ts-seat-service,cpu_usage_ts-seat-service,mem_usage_ts-seat-service,cpu_requests_ts-security-service,mem_requests_ts-security-service,cpu_usage_ts-security-service,mem_usage_ts-security-service,cpu_requests_ts-station-food-service,mem_requests_ts-station-food-service,cpu_usage_ts-station-food-service,mem_usage_ts-station-food-service,cpu_requests_ts-station-service,mem_requests_ts-station-service,cpu_usage_ts-station-service,mem_usage_ts-station-service,cpu_requests_ts-ticket-office-service,mem_requests_ts-ticket-office-service,cpu_usage_ts-ticket-office-service,mem_usage_ts-ticket-office-service,cpu_requests_ts-train-food-service,mem_requests_ts-train-food-service,cpu_usage_ts-train-food-service,mem_usage_ts-train-food-service,cpu_requests_ts-train-service,mem_requests_ts-train-service,cpu_usage_ts-train-service,mem_usage_ts-train-service,cpu_requests_ts-travel-plan-service,mem_requests_ts-travel-plan-service,cpu_usage_ts-travel-plan-service,mem_usage_ts-travel-plan-service,cpu_requests_ts-travel-service,mem_requests_ts-travel-service,cpu_usage_ts-travel-service,mem_usage_ts-travel-service,cpu_requests_ts-travel2-service,mem_requests_ts-travel2-service,cpu_usage_ts-travel2-service,mem_usage_ts-travel2-service,cpu_requests_ts-ui-dashboard,mem_requests_ts-ui-dashboard,cpu_usage_ts-ui-dashboard,mem_usage_ts-ui-dashboard,cpu_requests_ts-user-service,mem_requests_ts-user-service,cpu_usage_ts-user-service,mem_usage_ts-user-service,cpu_requests_ts-verification-code-service,mem_requests_ts-verification-code-service,cpu_usage_ts-verification-code-service,mem_usage_ts-verification-code-service,cpu_requests_ts-voucher-service,mem_requests_ts-voucher-service,cpu_usage_ts-voucher-service,mem_usage_ts-voucher-service,cpu_requests_ts-wait-order-service,mem_requests_ts-wait-order-service,cpu_usage_ts-wait-order-service,mem_usage_ts-wait-order-service,ts-admin-order-service-cpu_ts-admin-order-service,ts-admin-order-service-latency_ts-admin-order-service,ts-admin-order-service-memory_ts-admin-order-service,ts-admin-order-service-workload_ts-admin-order-service,ts-admin-route-service-cpu_ts-admin-route-service,ts-admin-route-service-latency_ts-admin-route-service,ts-admin-route-service-memory_ts-admin-route-service,ts-admin-route-service-workload_ts-admin-route-service,ts-auth-service-cpu_ts-auth-service,ts-auth-service-latency_ts-auth-service,ts-auth-service-memory_ts-auth-service,ts-auth-service-workload_ts-auth-service,ts-notification-service-cpu_ts-notification-service,ts-notification-service-latency_ts-notification-service,ts-notification-service-memory_ts-notification-service,ts-notification-service-workload_ts-notification-service,ts-order-service-cpu_ts-order-service,ts-order-service-latency_ts-order-service,ts-order-service-memory_ts-order-service,ts-order-service-workload_ts-order-service,ts-payment-service-cpu_ts-payment-service,ts-payment-service-latency_ts-payment-service,ts-payment-service-memory_ts-payment-service,ts-payment-service-workload_ts-payment-service,ts-price-service-cpu_ts-price-service,ts-price-service-latency_ts-price-service,ts-price-service-memory_ts-price-service,ts-price-service-workload_ts-price-service,ts-route-service-cpu_ts-route-service,ts-route-service-latency_ts-route-service,ts-route-service-memory_ts-route-service,ts-route-service-workload_ts-route-service,ts-station-service-cpu_ts-station-service,ts-station-service-latency_ts-station-service,ts-station-service-memory_ts-station-service,ts-station-service-workload_ts-station-service,ts-train-service-cpu_ts-train-service,ts-train-service-latency_ts-train-service,ts-train-service-memory_ts-train-service,ts-train-service-workload_ts-train-service,ts-travel-service-cpu_ts-travel-service,ts-travel-service-latency_ts-travel-service,ts-travel-service-memory_ts-travel-service,ts-travel-service-workload_ts-travel-service,ts-ui-dashboard-cpu_ts-ui-dashboard,ts-ui-dashboard-latency_ts-ui-dashboard,ts-ui-dashboard-memory_ts-ui-dashboard,ts-ui-dashboard-workload_ts-ui-dashboard,ts-user-service-cpu_ts-user-service,ts-user-service-latency_ts-user-service,ts-user-service-memory_ts-user-service,ts-user-service-workload_ts-user-service
2025-04-30 06:46:01,100m,200Mi,51m,245Mi,100m,300Mi,10m,504Mi,100m,300Mi,11m,468Mi,100m,300Mi,10m,516Mi,100m,300Mi,10m,492Mi,100m,300Mi,13m,488Mi,100m,300Mi,13m,540Mi,100m,300Mi,79m,510Mi,100m,300Mi,5m,188Mi,100m,300Mi,14m,488Mi,100m,300Mi,10m,488Mi,100m,300Mi,11m,566Mi,100m,300Mi,11m,609Mi,100m,300Mi,12m,526Mi,100m,300Mi,11m,594Mi,100m,300Mi,10m,530Mi,100m,300Mi,10m,516Mi,100m,300Mi,10m,610Mi,100m,300Mi,11m,559Mi,100m,300Mi,114m,884Mi,100m,300Mi,11m,549Mi,100m,300Mi,5m,46Mi,100m,300Mi,11m,548Mi,100m,300Mi,11m,564Mi,3000m,3000Mi,69m,617Mi,100m,300Mi,11m,580Mi,100m,300Mi,10m,491Mi,100m,300Mi,10m,489Mi,100m,300Mi,11m,515Mi,100m,300Mi,10m,493Mi,100m,300Mi,10m,528Mi,3000m,3000Mi,55m,601Mi,100m,300Mi,10m,471Mi,100m,300Mi,11m,556Mi,100m,300Mi,11m,582Mi,3000m,3000Mi,56m,597Mi,100m,300Mi,4m,91Mi,100m,300Mi,11m,575Mi,100m,300Mi,9m,555Mi,100m,300Mi,13m,472Mi,100m,300Mi,9m,594Mi,100m,300Mi,11m,552Mi,50m,100Mi,15m,48Mi,100m,300Mi,10m,595Mi,100m,300Mi,10m,456Mi,100m,300Mi,4m,60Mi,100m,300Mi,9m,572Mi,0.02522568375530133,N/A,489108821.3333334,N/A,0.011158681247861044,N/A,541913088.0,N/A,0.016314545885894607,nan,535509674.6666666,0.0,0.010167512481765516,N/A,574872576.0,N/A,0.2871744689919722,24.267040500127983,652222464.0,2.894444444444444,0.007935725484027059,N/A,607261696.0,N/A,0.00814769937831474,N/A,540628992.0,N/A,0.18103131121872693,49.360000295749785,630299306.6666666,3.144444444444444,0.3201412715547075,23.700089268807154,638207317.3333333,3.3222222222222215,0.007243767343530181,N/A,581297493.3333334,N/A,0.007449085197279905,N/A,623112192.0,N/A,0.04718217746536463,51.59420289855074,49842176.0,7.888888888888888,0.010510323879732069,N/A,624336896.0,N/A
2025-04-30 06:47:55,100m,200Mi,53m,251Mi,100m,300Mi,9m,505Mi,100m,300Mi,11m,464Mi,100m,300Mi,10m,517Mi,100m,300Mi,9m,494Mi,100m,300Mi,9m,488Mi,100m,300Mi,10m,540Mi,100m,300Mi,79m,509Mi,100m,300Mi,4m,181Mi,100m,300Mi,8m,486Mi,100m,300Mi,9m,481Mi,100m,300Mi,11m,563Mi,100m,300Mi,10m,603Mi,100m,300Mi,10m,526Mi,100m,300Mi,10m,594Mi,100m,300Mi,10m,530Mi,100m,300Mi,12m,517Mi,100m,300Mi,11m,618Mi,100m,300Mi,10m,560Mi,100m,300Mi,202m,914Mi,100m,300Mi,10m,551Mi,100m,300Mi,4m,46Mi,100m,300Mi,10m,553Mi,100m,300Mi,11m,565Mi,3000m,3000Mi,135m,636Mi,100m,300Mi,10m,578Mi,100m,300Mi,9m,497Mi,100m,300Mi,9m,482Mi,100m,300Mi,10m,511Mi,100m,300Mi,12m,487Mi,100m,300Mi,9m,528Mi,2400m,3000Mi,125m,625Mi,100m,300Mi,10m,477Mi,100m,300Mi,10m,563Mi,100m,300Mi,11m,586Mi,3000m,3000Mi,138m,647Mi,100m,300Mi,4m,87Mi,100m,300Mi,11m,582Mi,100m,300Mi,10m,554Mi,100m,300Mi,12m,478Mi,100m,300Mi,10m,595Mi,100m,300Mi,10m,546Mi,50m,100Mi,36m,48Mi,100m,300Mi,10m,595Mi,100m,300Mi,10m,456Mi,100m,300Mi,4m,60Mi,100m,300Mi,10m,572Mi,0.00886852961398632,N/A,486998016.0,N/A,0.02920839706933198,N/A,542609408.0,N/A,0.010038188672177394,nan,533843968.0,0.0,0.005762515060601465,N/A,580340394.6666666,N/A,0.11542985887910183,23.339958158995817,666320896.0,3.022222222222222,0.005689195805847386,N/A,605842090.6666666,N/A,0.006593794107494672,N/A,535748608.0,N/A,0.12203696165055242,47.0353982300885,656154624.0,3.4333333333333327,0.13336268854885341,23.32191780821918,677822464.0,3.2055555555555553,0.009248077840312754,N/A,581095424.0,N/A,0.009623110117662327,N/A,623961429.3333333,N/A,0.06022126836813612,40.50955414012739,49884160.0,7.966666666666666,0.010412070936822794,N/A,624201728.0,N/A
2025-04-30 06:49:43,100m,200Mi,47m,252Mi,100m,300Mi,8m,504Mi,100m,300Mi,11m,464Mi,100m,300Mi,11m,513Mi,100m,300Mi,8m,488Mi,100m,300Mi,9m,487Mi,100m,300Mi,10m,540Mi,100m,300Mi,55m,509Mi,100m,300Mi,4m,180Mi,100m,300Mi,8m,486Mi,100m,300Mi,9m,481Mi,100m,300Mi,9m,563Mi,100m,300Mi,9m,604Mi,100m,300Mi,9m,527Mi,100m,300Mi,9m,594Mi,100m,300Mi,9m,530Mi,100m,300Mi,11m,517Mi,100m,300Mi,10m,618Mi,100m,300Mi,9m,559Mi,100m,300Mi,223m,926Mi,100m,300Mi,10m,549Mi,100m,300Mi,4m,46Mi,100m,300Mi,10m,555Mi,100m,300Mi,10m,566Mi,2400m,3000Mi,173m,660Mi,100m,300Mi,9m,578Mi,100m,300Mi,9m,498Mi,100m,300Mi,8m,482Mi,100m,300Mi,8m,508Mi,100m,300Mi,12m,487Mi,100m,300Mi,9m,522Mi,2400m,3000Mi,160m,626Mi,100m,300Mi,9m,480Mi,100m,300Mi,10m,563Mi,100m,300Mi,9m,588Mi,2400m,3000Mi,160m,658Mi,100m,300Mi,4m,86Mi,100m,300Mi,10m,582Mi,100m,300Mi,9m,555Mi,100m,300Mi,12m,478Mi,100m,300Mi,10m,595Mi,100m,300Mi,10m,547Mi,50m,100Mi,55m,53Mi,100m,300Mi,11m,596Mi,100m,300Mi,10m,458Mi,100m,300Mi,4m,60Mi,100m,300Mi,11m,579Mi,0.007750982768303796,N/A,486989824.0,N/A,0.005766169563000752,N/A,537283242.6666667,N/A,0.01155627172450495,nan,533680128.0,0.0,0.011071136568482376,N/A,582288384.0,N/A,0.11843569180081447,23.138157894736846,684143957.3333333,3.2777777777777777,0.013398569352855345,N/A,606240768.0,N/A,0.024335519516623723,N/A,534062080.0,N/A,0.08232104981732655,45.92814371257485,656813056.0,3.333333333333333,0.12985808428105367,23.011331444759207,689526101.3333334,3.0666666666666664,0.01405712815234147,N/A,582246400.0,N/A,0.012634845882341001,N/A,623902720.0,N/A,0.0564501422739082,37.931654676258994,55731541.33333333,8.044444444444444,0.006737566666667287,N/A,624314368.0,N/A
2025-04-30 06:51:33,100m,200Mi,46m,246Mi,100m,300Mi,9m,505Mi,100m,300Mi,8m,465Mi,100m,300Mi,11m,510Mi,100m,300Mi,8m,488Mi,100m,300Mi,8m,486Mi,100m,300Mi,9m,540Mi,100m,300Mi,9m,509Mi,100m,300Mi,4m,180Mi,100m,300Mi,9m,486Mi,100m,300Mi,11m,482Mi,100m,300Mi,10m,564Mi,100m,300Mi,9m,603Mi,100m,300Mi,9m,527Mi,100m,300Mi,9m,595Mi,100m,300Mi,10m,531Mi,100m,300Mi,8m,517Mi,100m,300Mi,10m,617Mi,100m,300Mi,9m,561Mi,100m,300Mi,198m,927Mi,100m,300Mi,9m,547Mi,100m,300Mi,4m,46Mi,100m,300Mi,10m,551Mi,100m,300Mi,10m,561Mi,2400m,3000Mi,125m,663Mi,100m,300Mi,10m,579Mi,100m,300Mi,9m,493Mi,100m,300Mi,9m,482Mi,100m,300Mi,12m,510Mi,100m,300Mi,12m,488Mi,100m,300Mi,11m,523Mi,2400m,3000Mi,106m,635Mi,100m,300Mi,10m,476Mi,100m,300Mi,10m,558Mi,100m,300Mi,9m,587Mi,2400m,3000Mi,119m,662Mi,100m,300Mi,4m,86Mi,100m,300Mi,9m,581Mi,100m,300Mi,11m,560Mi,100m,300Mi,9m,477Mi,100m,300Mi,12m,596Mi,100m,300Mi,9m,547Mi,50m,100Mi,60m,52Mi,100m,300Mi,10m,602Mi,100m,300Mi,9m,458Mi,100m,300Mi,4m,65Mi,100m,300Mi,10m,581Mi,0.008354055835412504,N/A,487312384.0,N/A,0.008792655620241544,N/A,535702528.0,N/A,0.009501284766342025,nan,533972309.3333333,0.0,0.008570388487572052,N/A,577863680.0,N/A,0.06354961905218197,23.42895912894945,695209984.0,2.918382460188276,0.009455887140531541,N/A,607085909.3333333,N/A,0.007616497787517228,N/A,534872064.0,N/A,0.08421107872951562,46.804306011910626,666200746.6666667,3.5986183585606253,0.08764099369845745,22.851214077022384,694140928.0,3.582324494331036,0.009271713958518649,N/A,587201194.6666667,N/A,0.009667516122320557,N/A,624747861.3333334,N/A,0.061760713499229236,38.52348993288591,54682624.0,8.222222222222221,0.009521805054152519,N/A,631781376.0,N/A
2025-04-30 06:53:25,100m,200Mi,45m,246Mi,100m,300Mi,9m,506Mi,100m,300Mi,8m,466Mi,100m,300Mi,9m,512Mi,100m,300Mi,8m,488Mi,100m,300Mi,9m,488Mi,100m,300Mi,10m,541Mi,100m,300Mi,10m,509Mi,100m,300Mi,4m,180Mi,100m,300Mi,9m,488Mi,100m,300Mi,13m,483Mi,100m,300Mi,10m,564Mi,100m,300Mi,10m,605Mi,100m,300Mi,10m,527Mi,100m,300Mi,10m,596Mi,100m,300Mi,10m,531Mi,100m,300Mi,9m,520Mi,100m,300Mi,10m,615Mi,100m,300Mi,10m,562Mi,100m,300Mi,168m,935Mi,100m,300Mi,10m,548Mi,100m,300Mi,4m,46Mi,100m,300Mi,10m,551Mi,100m,300Mi,13m,562Mi,2400m,3000Mi,109m,664Mi,100m,300Mi,9m,579Mi,100m,300Mi,13m,493Mi,100m,300Mi,9m,484Mi,100m,300Mi,12m,510Mi,100m,300Mi,8m,489Mi,100m,300Mi,12m,524Mi,2400m,3000Mi,113m,636Mi,100m,300Mi,8m,473Mi,100m,300Mi,10m,558Mi,100m,300Mi,10m,584Mi,2400m,3000Mi,104m,665Mi,100m,300Mi,4m,85Mi,100m,300Mi,10m,579Mi,100m,300Mi,10m,562Mi,100m,300Mi,9m,476Mi,100m,300Mi,11m,603Mi,100m,300Mi,10m,548Mi,50m,100Mi,60m,50Mi,100m,300Mi,10m,604Mi,100m,300Mi,8m,458Mi,100m,300Mi,5m,66Mi,100m,300Mi,10m,578Mi,0.011744272698863724,N/A,489147050.6666666,N/A,0.007519798355300774,N/A,536423082.6666666,N/A,0.006350408944390617,nan,534276778.6666666,0.0,0.00984751874983741,N/A,578143232.0,N/A,0.08016403953370511,23.03155886638539,691814400.0,2.898809841016076,0.00835657210752959,N/A,607593813.3333334,N/A,0.008867695516162729,N/A,535207936.0,N/A,0.12039489733471197,47.21615720524018,666823680.0,3.344444444444444,0.07839534175158261,22.397540983606554,696867498.6666667,3.4999999999999996,0.008610026687839646,N/A,588002304.0,N/A,0.005215400000000159,N/A,632687274.6666666,N/A,0.05071917984231378,40.507246376811615,51982336.0,7.999999999999999,0.008264012680923522,N/A,633884672.0,N/A
2025-04-30 06:55:18,100m,200Mi,47m,246Mi,100m,300Mi,10m,507Mi,100m,300Mi,9m,467Mi,100m,300Mi,10m,511Mi,100m,300Mi,10m,490Mi,100m,300Mi,10m,489Mi,100m,300Mi,9m,542Mi,100m,300Mi,10m,516Mi,100m,300Mi,5m,180Mi,100m,300Mi,10m,487Mi,100m,300Mi,10m,484Mi,100m,300Mi,10m,565Mi,100m,300Mi,9m,605Mi,100m,300Mi,9m,527Mi,100m,300Mi,9m,596Mi,100m,300Mi,9m,532Mi,100m,300Mi,9m,520Mi,100m,300Mi,9m,613Mi,100m,300Mi,9m,562Mi,100m,300Mi,179m,934Mi,100m,300Mi,9m,549Mi,100m,300Mi,4m,46Mi,100m,300Mi,9m,552Mi,100m,300Mi,12m,562Mi,2400m,3000Mi,103m,657Mi,100m,300Mi,10m,580Mi,100m,300Mi,13m,493Mi,100m,300Mi,9m,486Mi,100m,300Mi,9m,511Mi,100m,300Mi,10m,490Mi,100m,300Mi,10m,525Mi,2400m,3000Mi,114m,641Mi,100m,300Mi,13m,475Mi,100m,300Mi,9m,559Mi,100m,300Mi,9m,584Mi,2400m,3000Mi,96m,664Mi,100m,300Mi,4m,85Mi,100m,300Mi,10m,579Mi,100m,300Mi,9m,556Mi,100m,300Mi,9m,477Mi,100m,300Mi,10m,603Mi,100m,300Mi,10m,546Mi,50m,100Mi,60m,50Mi,100m,300Mi,9m,596Mi,100m,300Mi,10m,463Mi,100m,300Mi,5m,63Mi,100m,300Mi,9m,578Mi,0.008623294785679348,N/A,489738240.0,N/A,0.008714533336587688,N/A,536980138.6666666,N/A,0.009823291852547546,nan,540755968.0,0.0,0.009961996725998989,N/A,578402304.0,N/A,0.14567385398981272,23.25984251968504,689506304.0,2.9333333333333327,0.012782867306179054,N/A,608346112.0,N/A,0.012507046540090067,N/A,535887872.0,N/A,0.09781939915539736,47.14143426294821,672963242.6666666,3.833333333333333,0.08373364706707469,22.555755395683455,694503424.0,2.9666666666666663,0.005483030573919727,N/A,583715498.6666666,N/A,0.0041406999999992426,N/A,633016320.0,N/A,0.05864811894570852,40.519480519480524,52188501.333333336,8.066666666666666,0.009696835148948988,N/A,625938432.0,N/A
2025-04-30 06:57:09,100m,200Mi,50m,246Mi,100m,300Mi,10m,507Mi,100m,300Mi,10m,468Mi,100m,300Mi,9m,512Mi,100m,300Mi,9m,491Mi,100m,300Mi,9m,489Mi,100m,300Mi,10m,544Mi,100m,300Mi,10m,518Mi,100m,300Mi,5m,181Mi,100m,300Mi,10m,489Mi,100m,300Mi,9m,485Mi,100m,300Mi,10m,566Mi,100m,300Mi,10m,605Mi,100m,300Mi,10m,528Mi,100m,300Mi,10m,598Mi,100m,300Mi,10m,534Mi,100m,300Mi,10m,520Mi,100m,300Mi,10m,616Mi,100m,300Mi,10m,564Mi,100m,300Mi,152m,925Mi,100m,300Mi,12m,550Mi,100m,300Mi,4m,46Mi,100m,300Mi,10m,553Mi,100m,300Mi,12m,563Mi,2400m,3000Mi,93m,660Mi,100m,300Mi,13m,583Mi,100m,300Mi,13m,494Mi,100m,300Mi,10m,487Mi,100m,300Mi,10m,512Mi,100m,300Mi,10m,491Mi,100m,300Mi,10m,525Mi,2400m,3000Mi,89m,643Mi,100m,300Mi,14m,475Mi,100m,300Mi,10m,560Mi,100m,300Mi,10m,585Mi,2400m,3000Mi,100m,669Mi,100m,300Mi,4m,85Mi,100m,300Mi,10m,581Mi,100m,300Mi,10m,558Mi,100m,300Mi,10m,478Mi,100m,300Mi,10m,604Mi,100m,300Mi,10m,548Mi,50m,100Mi,60m,49Mi,100m,300Mi,10m,599Mi,100m,300Mi,9m,465Mi,100m,300Mi,4m,59Mi,100m,300Mi,10m,579Mi,0.004682851730768849,N/A,490371072.0,N/A,0.007960092969202994,N/A,537089024.0,N/A,0.042112651135358364,10696.755216472087,544335189.3333334,0.18888888888888888,0.00624087181555952,N/A,579863893.3333334,N/A,0.10835438646381267,22.186486486486487,691523584.0,3.9333333333333327,0.007571790677082027,N/A,611625642.6666666,N/A,0.0077223473586196505,N/A,537161728.0,N/A,0.09037668812729001,45.821917808219176,674085888.0,4.5,0.14433595651283948,22.173776631241346,695571456.0,4.05,0.011922168545356226,N/A,584900608.0,N/A,0.01315065380588561,N/A,631078912.0,N/A,0.07995563962449191,38.35520235471708,51103061.33333333,11.22222222222222,0.009766010755315973,N/A,627423914.6666666,N/A
2025-04-30 06:58:58,100m,200Mi,50m,246Mi,100m,300Mi,8m,507Mi,100m,300Mi,8m,468Mi,100m,300Mi,8m,513Mi,100m,300Mi,8m,490Mi,100m,300Mi,9m,488Mi,100m,300Mi,10m,543Mi,100m,300Mi,29m,519Mi,100m,300Mi,4m,180Mi,100m,300Mi,8m,489Mi,100m,300Mi,8m,485Mi,100m,300Mi,10m,566Mi,100m,300Mi,10m,606Mi,100m,300Mi,10m,529Mi,100m,300Mi,10m,597Mi,100m,300Mi,10m,533Mi,100m,300Mi,8m,521Mi,100m,300Mi,10m,615Mi,100m,300Mi,14m,564Mi,100m,300Mi,168m,925Mi,100m,300Mi,13m,550Mi,100m,300Mi,4m,46Mi,100m,300Mi,10m,553Mi,100m,300Mi,10m,563Mi,1920m,3000Mi,146m,663Mi,100m,300Mi,13m,583Mi,100m,300Mi,8m,495Mi,100m,300Mi,8m,486Mi,100m,300Mi,10m,512Mi,100m,300Mi,8m,490Mi,100m,300Mi,8m,526Mi,1920m,3000Mi,119m,639Mi,100m,300Mi,8m,475Mi,100m,300Mi,10m,561Mi,100m,300Mi,10m,587Mi,1920m,3000Mi,148m,669Mi,100m,300Mi,4m,85Mi,100m,300Mi,10m,580Mi,100m,300Mi,9m,557Mi,100m,300Mi,8m,478Mi,100m,300Mi,10m,599Mi,100m,300Mi,10m,549Mi,50m,100Mi,77m,50Mi,100m,300Mi,9m,599Mi,100m,300Mi,13m,461Mi,100m,300Mi,4m,60Mi,100m,300Mi,10m,579Mi,0.006394131690135598,N/A,490829141.3333334,N/A,0.006595945384137675,N/A,537995946.6666666,N/A,0.05065853073777145,465.625,546080085.3333333,0.25555555555555554,0.005619607733413732,N/A,579701760.0,N/A,0.18949526956171614,22.84203102961918,699371520.0,8.87222222222222,0.007875626452836642,N/A,611734528.0,N/A,0.00872456187014185,N/A,537351509.3333334,N/A,0.22799486153522103,47.94457274826789,670062592.0,8.1,0.24193931821094436,21.922256097560982,698235904.0,8.88888888888889,0.00906141049010197,N/A,584637440.0,N/A,0.0062230877475243675,N/A,627983701.3333334,N/A,0.1482676856639583,39.058544303797476,52432896.0,22.044444444444444,0.007474400109017367,N/A,627844437.3333334,N/A
2025-04-30 07:00:47,100m,200Mi,47m,246Mi,100m,300Mi,8m,508Mi,100m,300Mi,8m,468Mi,100m,300Mi,8m,513Mi,100m,300Mi,8m,490Mi,100m,300Mi,8m,490Mi,100m,300Mi,9m,543Mi,100m,300Mi,49m,520Mi,100m,300Mi,5m,181Mi,100m,300Mi,8m,489Mi,100m,300Mi,8m,486Mi,100m,300Mi,9m,567Mi,100m,300Mi,9m,606Mi,100m,300Mi,9m,530Mi,100m,300Mi,8m,598Mi,100m,300Mi,9m,534Mi,100m,300Mi,8m,520Mi,100m,300Mi,9m,616Mi,100m,300Mi,12m,564Mi,100m,300Mi,220m,934Mi,100m,300Mi,12m,550Mi,100m,300Mi,4m,46Mi,100m,300Mi,9m,553Mi,100m,300Mi,9m,563Mi,1920m,3000Mi,212m,670Mi,100m,300Mi,9m,585Mi,100m,300Mi,8m,495Mi,100m,300Mi,8m,485Mi,100m,300Mi,9m,513Mi,100m,300Mi,8m,492Mi,100m,300Mi,8m,526Mi,1920m,3000Mi,170m,641Mi,100m,300Mi,8m,474Mi,100m,300Mi,10m,561Mi,100m,300Mi,9m,587Mi,1920m,3000Mi,196m,677Mi,100m,300Mi,4m,86Mi,100m,300Mi,10m,581Mi,100m,300Mi,10m,558Mi,100m,300Mi,8m,478Mi,100m,300Mi,12m,600Mi,100m,300Mi,9m,550Mi,50m,100Mi,128m,51Mi,100m,300Mi,11m,600Mi,100m,300Mi,14m,461Mi,100m,300Mi,4m,60Mi,100m,300Mi,11m,581Mi,0.008510229468867328,N/A,491143168.0,N/A,0.00927847371849467,N/A,538266624.0,N/A,0.06080507614213189,469.7368421052631,546129920.0,0.2444444444444444,0.009228559300777027,N/A,580044800.0,N/A,0.18672133526298365,22.685185185185183,702311424.0,13.51111111111111,0.006780566162562082,N/A,613075626.6666666,N/A,0.009122551609017752,N/A,537497600.0,N/A,0.18638315677398085,48.01128349788434,672142677.3333333,12.377777777777776,0.2962738682205299,22.743712574850303,707739648.0,13.427777777777777,0.014683281484641415,N/A,585926656.0,N/A,0.01663184668165215,N/A,629006336.0,N/A,0.17051401485249526,43.914807302231225,53695829.333333336,34.25555555555555,0.012504868027332857,N/A,629085184.0,N/A
2025-04-30 07:02:41,100m,200Mi,43m,246Mi,100m,300Mi,8m,508Mi,100m,300Mi,8m,469Mi,100m,300Mi,8m,512Mi,100m,300Mi,8m,490Mi,100m,300Mi,8m,489Mi,100m,300Mi,8m,543Mi,100m,300Mi,58m,522Mi,100m,300Mi,5m,181Mi,100m,300Mi,8m,488Mi,100m,300Mi,8m,485Mi,100m,300Mi,9m,567Mi,100m,300Mi,9m,606Mi,100m,300Mi,9m,529Mi,100m,300Mi,8m,598Mi,100m,300Mi,9m,534Mi,100m,300Mi,9m,521Mi,100m,300Mi,14m,614Mi,100m,300Mi,13m,565Mi,100m,300Mi,346m,937Mi,100m,300Mi,9m,551Mi,100m,300Mi,4m,46Mi,100m,300Mi,9m,554Mi,100m,300Mi,9m,564Mi,1920m,3000Mi,274m,686Mi,100m,300Mi,8m,584Mi,100m,300Mi,8m,494Mi,100m,300Mi,13m,487Mi,100m,300Mi,9m,512Mi,100m,300Mi,8m,491Mi,100m,300Mi,9m,526Mi,1920m,3000Mi,299m,650Mi,100m,300Mi,8m,475Mi,100m,300Mi,9m,561Mi,100m,300Mi,11m,588Mi,1920m,3000Mi,285m,679Mi,100m,300Mi,4m,86Mi,100m,300Mi,9m,578Mi,100m,300Mi,10m,560Mi,100m,300Mi,8m,478Mi,100m,300Mi,13m,601Mi,100m,300Mi,9m,552Mi,50m,100Mi,181m,52Mi,100m,300Mi,10m,600Mi,100m,300Mi,13m,461Mi,100m,300Mi,4m,60Mi,100m,300Mi,14m,581Mi,0.0072387165299641525,N/A,491446272.0,N/A,0.0066133135010011035,N/A,537680554.6666666,N/A,0.05206260557432329,464.0625,547690496.0,0.25555555555555554,0.01026642296984269,N/A,580623360.0,N/A,0.31622479164888845,24.595262615859937,719485610.6666666,18.03333333333333,0.009010482789450946,N/A,612848640.0,N/A,0.008529394171013225,N/A,537460736.0,N/A,0.34573302624286995,99.0625,679945557.3333333,17.911111111111108,0.33349689048171316,23.344230769230773,711557120.0,17.58888888888889,0.009769657592716006,N/A,587165696.0,N/A,0.010244822855650258,N/A,630552576.0,N/A,0.20526428776228262,49.37975646879755,54814037.33333333,44.477777777777774,0.007501997423062246,N/A,629527893.3333334,N/A
2025-04-30 07:04:34,100m,200Mi,48m,245Mi,100m,300Mi,10m,508Mi,100m,300Mi,10m,469Mi,100m,300Mi,9m,513Mi,100m,300Mi,9m,492Mi,100m,300Mi,10m,491Mi,100m,300Mi,9m,544Mi,100m,300Mi,60m,523Mi,100m,300Mi,5m,180Mi,100m,300Mi,9m,490Mi,100m,300Mi,9m,486Mi,100m,300Mi,9m,567Mi,100m,300Mi,9m,608Mi,100m,300Mi,9m,531Mi,100m,300Mi,8m,598Mi,100m,300Mi,10m,535Mi,100m,300Mi,9m,521Mi,100m,300Mi,14m,614Mi,100m,300Mi,9m,565Mi,100m,300Mi,439m,938Mi,100m,300Mi,9m,551Mi,100m,300Mi,4m,46Mi,100m,300Mi,12m,555Mi,100m,300Mi,9m,565Mi,1920m,3000Mi,312m,688Mi,100m,300Mi,9m,584Mi,100m,300Mi,10m,495Mi,100m,300Mi,13m,487Mi,100m,300Mi,9m,513Mi,100m,300Mi,9m,491Mi,100m,300Mi,9m,527Mi,1920m,3000Mi,357m,659Mi,100m,300Mi,9m,476Mi,100m,300Mi,9m,562Mi,100m,300Mi,12m,589Mi,1920m,3000Mi,276m,681Mi,100m,300Mi,4m,86Mi,100m,300Mi,9m,578Mi,100m,300Mi,10m,559Mi,100m,300Mi,9m,479Mi,100m,300Mi,10m,602Mi,100m,300Mi,9m,551Mi,50m,100Mi,251m,54Mi,100m,300Mi,10m,601Mi,100m,300Mi,9m,462Mi,100m,300Mi,4m,60Mi,100m,300Mi,14m,582Mi,0.007379232893806718,N/A,492354218.6666666,N/A,0.009111568667824355,N/A,538595328.0,N/A,0.035033286125575894,498.4375,548323328.0,0.25555555555555554,0.006226725486032377,N/A,582331050.6666666,N/A,0.2951464021179884,57.946127946127994,722802688.0,22.677777777777777,0.00619269204164794,N/A,612966400.0,N/A,0.005396574999998905,N/A,538297685.3333334,N/A,0.40635843137254873,244.94565217391278,689000448.0,22.05555555555555,0.2876386719189644,51.81818181818179,714941440.0,20.883333333333333,0.00912358136453963,N/A,587122688.0,N/A,0.008833571805105628,N/A,632057856.0,N/A,0.308709105167225,95.38392857142861,56514560.0,55.699999999999996,0.009085881110263348,N/A,630667946.6666666,N/A
2025-04-30 07:06:28,100m,200Mi,45m,246Mi,100m,300Mi,11m,509Mi,100m,300Mi,9m,470Mi,100m,300Mi,9m,515Mi,100m,300Mi,9m,492Mi,100m,300Mi,10m,491Mi,100m,300Mi,9m,544Mi,100m,300Mi,55m,524Mi,100m,300Mi,5m,180Mi,100m,300Mi,9m,491Mi,100m,300Mi,8m,488Mi,100m,300Mi,10m,569Mi,100m,300Mi,9m,609Mi,100m,300Mi,10m,530Mi,100m,300Mi,9m,599Mi,100m,300Mi,9m,534Mi,100m,300Mi,10m,522Mi,100m,300Mi,14m,615Mi,100m,300Mi,9m,565Mi,100m,300Mi,479m,948Mi,100m,300Mi,8m,551Mi,100m,300Mi,4m,46Mi,100m,300Mi,12m,555Mi,100m,300Mi,9m,565Mi,1920m,3000Mi,346m,693Mi,100m,300Mi,9m,585Mi,100m,300Mi,9m,497Mi,100m,300Mi,10m,489Mi,100m,300Mi,10m,514Mi,100m,300Mi,9m,492Mi,100m,300Mi,10m,528Mi,1920m,3000Mi,421m,657Mi,100m,300Mi,10m,476Mi,100m,300Mi,12m,564Mi,100m,300Mi,11m,589Mi,1920m,3000Mi,333m,678Mi,100m,300Mi,5m,86Mi,100m,300Mi,9m,579Mi,100m,300Mi,9m,560Mi,100m,300Mi,9m,480Mi,100m,300Mi,9m,602Mi,100m,300Mi,9m,553Mi,50m,100Mi,285m,55Mi,100m,300Mi,9m,602Mi,100m,300Mi,8m,462Mi,100m,300Mi,5m,60Mi,100m,300Mi,8m,582Mi,0.005560979616240795,N/A,492852565.3333334,N/A,0.005101362192921468,N/A,539860992.0,N/A,0.029831390112256734,452.08333333333337,549626880.0,0.25555555555555554,0.01347169237919919,N/A,582042624.0,N/A,0.3931946841628239,98.11290322580643,727485440.0,25.18333333333333,0.007187208788634976,N/A,613516288.0,N/A,0.011058109219025235,N/A,539116544.0,N/A,0.37028418956521886,481.35483513132306,688290816.0,25.22334627275511,0.3731896143890026,97.22597597597596,711621632.0,26.049999999999997,0.008608550989850515,N/A,587672234.6666666,N/A,0.007835895292923908,N/A,631529472.0,N/A,0.33276680408151305,231.36212624584712,58740736.0,63.97777777777777,0.00723292048224519,N/A,630889130.6666666,N/A
2025-04-30 07:08:19,100m,200Mi,52m,246Mi,100m,300Mi,11m,509Mi,100m,300Mi,9m,470Mi,100m,300Mi,8m,515Mi,100m,300Mi,9m,492Mi,100m,300Mi,9m,492Mi,100m,300Mi,10m,547Mi,100m,300Mi,53m,525Mi,100m,300Mi,5m,180Mi,100m,300Mi,9m,492Mi,100m,300Mi,8m,488Mi,100m,300Mi,9m,568Mi,100m,300Mi,10m,610Mi,100m,300Mi,10m,534Mi,100m,300Mi,9m,600Mi,100m,300Mi,10m,535Mi,100m,300Mi,9m,522Mi,100m,300Mi,9m,615Mi,100m,300Mi,10m,567Mi,100m,300Mi,589m,968Mi,100m,300Mi,10m,553Mi,100m,300Mi,4m,47Mi,100m,300Mi,10m,556Mi,100m,300Mi,10m,566Mi,1536m,3000Mi,372m,699Mi,100m,300Mi,10m,586Mi,100m,300Mi,8m,497Mi,100m,300Mi,8m,489Mi,100m,300Mi,9m,515Mi,100m,300Mi,9m,493Mi,100m,300Mi,9m,528Mi,1920m,3000Mi,416m,677Mi,100m,300Mi,9m,477Mi,100m,300Mi,12m,565Mi,100m,300Mi,9m,590Mi,1600m,3000Mi,344m,682Mi,100m,300Mi,4m,86Mi,100m,300Mi,10m,579Mi,100m,300Mi,11m,561Mi,100m,300Mi,9m,480Mi,100m,300Mi,8m,602Mi,100m,300Mi,10m,553Mi,50m,100Mi,323m,61Mi,100m,300Mi,9m,601Mi,100m,300Mi,9m,463Mi,100m,300Mi,5m,60Mi,100m,300Mi,8m,582Mi,0.007845114241624816,N/A,492951552.0,N/A,0.006251701378046762,N/A,540071936.0,N/A,0.05732314003356359,475.0,550679893.3333333,0.2444444444444444,0.00628842577629817,N/A,583090176.0,N/A,0.3164134390831926,242.83847980997626,732643328.0,26.638888888888886,0.0067710524980094215,N/A,614283946.6666666,N/A,0.00622121018110747,N/A,539915605.3333333,N/A,0.5045506091846307,1287.3306922634647,708997120.0,27.89423733240681,0.3889611092522965,184.80218281036838,717516800.0,26.39763103843267,0.009039573926131953,N/A,589066240.0,N/A,0.008511168223322397,N/A,631619584.0,N/A,0.2700404548175078,735.7238605898123,64599381.33333333,67.04444444444444,0.00724854676010513,N/A,630870016.0,N/A
2025-04-30 07:10:13,100m,200Mi,50m,246Mi,100m,300Mi,8m,510Mi,100m,300Mi,8m,470Mi,100m,300Mi,8m,515Mi,100m,300Mi,8m,492Mi,100m,300Mi,8m,492Mi,100m,300Mi,9m,547Mi,100m,300Mi,41m,527Mi,100m,300Mi,5m,180Mi,100m,300Mi,8m,496Mi,100m,300Mi,8m,488Mi,100m,300Mi,9m,569Mi,100m,300Mi,9m,609Mi,100m,300Mi,10m,535Mi,100m,300Mi,9m,601Mi,100m,300Mi,14m,537Mi,100m,300Mi,8m,523Mi,100m,300Mi,10m,616Mi,100m,300Mi,10m,567Mi,100m,300Mi,589m,978Mi,100m,300Mi,10m,553Mi,100m,300Mi,5m,51Mi,100m,300Mi,9m,556Mi,100m,300Mi,10m,566Mi,1536m,3000Mi,386m,703Mi,100m,300Mi,9m,586Mi,100m,300Mi,8m,497Mi,100m,300Mi,9m,495Mi,100m,300Mi,10m,515Mi,100m,300Mi,8m,493Mi,100m,300Mi,8m,528Mi,2304m,3000Mi,465m,685Mi,100m,300Mi,8m,478Mi,100m,300Mi,12m,565Mi,100m,300Mi,9m,590Mi,1600m,3000Mi,384m,690Mi,100m,300Mi,5m,85Mi,100m,300Mi,10m,581Mi,100m,300Mi,11m,561Mi,100m,300Mi,8m,480Mi,100m,300Mi,9m,602Mi,100m,300Mi,9m,554Mi,50m,100Mi,307m,62Mi,100m,300Mi,9m,602Mi,100m,300Mi,10m,464Mi,100m,300Mi,5m,60Mi,100m,300Mi,9m,583Mi,0.008465816860032107,N/A,493140992.0,N/A,0.008086734693877738,N/A,540683264.0,N/A,0.00609845389633125,nan,552654848.0,0.0,0.008179281262595633,N/A,583120213.3333334,N/A,0.46051093682153565,283.7748344370864,739187370.6666667,28.416666666666664,0.00825597685396736,N/A,614996650.6666667,N/A,0.006038713375500877,N/A,540259669.3333334,N/A,0.32140226279954703,2094.076655052265,717626026.6666666,26.58888888888889,0.379418490265955,208.16442605997923,724196010.6666666,27.77222222222222,0.007386546518494616,N/A,589059413.3333334,N/A,0.005731824364998583,N/A,631627776.0,N/A,0.2514104909170945,839.8832684824906,64918869.333333336,68.98888888888888,0.006137811486510197,N/A,631689216.0,N/A
2025-04-30 07:12:07,100m,200Mi,49m,247Mi,100m,300Mi,8m,511Mi,100m,300Mi,8m,474Mi,100m,300Mi,8m,518Mi,100m,300Mi,8m,497Mi,100m,300Mi,8m,493Mi,100m,300Mi,9m,551Mi,100m,300Mi,25m,530Mi,100m,300Mi,5m,182Mi,100m,300Mi,8m,497Mi,100m,300Mi,8m,490Mi,100m,300Mi,9m,574Mi,100m,300Mi,9m,613Mi,100m,300Mi,9m,540Mi,100m,300Mi,9m,607Mi,100m,300Mi,13m,543Mi,100m,300Mi,8m,528Mi,100m,300Mi,9m,618Mi,100m,300Mi,9m,568Mi,100m,300Mi,621m,992Mi,100m,300Mi,9m,555Mi,100m,300Mi,5m,51Mi,100m,300Mi,9m,557Mi,100m,300Mi,9m,570Mi,1536m,3000Mi,432m,704Mi,100m,300Mi,8m,587Mi,100m,300Mi,8m,500Mi,100m,300Mi,8m,496Mi,100m,300Mi,8m,518Mi,100m,300Mi,8m,496Mi,100m,300Mi,8m,532Mi,2304m,3000Mi,445m,693Mi,100m,300Mi,8m,480Mi,100m,300Mi,8m,567Mi,100m,300Mi,9m,591Mi,1600m,3000Mi,391m,694Mi,100m,300Mi,5m,88Mi,100m,300Mi,9m,583Mi,100m,300Mi,10m,565Mi,100m,300Mi,8m,482Mi,100m,300Mi,10m,607Mi,100m,300Mi,9m,562Mi,50m,100Mi,304m,66Mi,100m,300Mi,10m,606Mi,100m,300Mi,10m,467Mi,100m,300Mi,5m,63Mi,100m,300Mi,10m,586Mi,0.00937544990106531,N/A,498632704.0,N/A,0.005074299999999711,N/A,543419050.6666666,N/A,0.008370574304322118,nan,556539904.0,0.0,0.007412283130726828,N/A,583786496.0,N/A,0.4410172108861486,293.2432432432435,741594453.3333334,27.411111111111108,0.007934466670241787,N/A,615968768.0,N/A,0.004578156819811499,N/A,543046314.6666666,N/A,0.3654760502852796,2098.3762597984323,720673450.6666666,26.466666666666665,0.38561545236681,236.89504373177837,727492608.0,27.58333333333333,0.011716059113299666,N/A,592822272.0,N/A,0.011457936342350986,N/A,636939264.0,N/A,0.3211067558269557,889.0350877192985,69375317.33333333,67.60000000000001,0.009305107332520808,N/A,635701930.6666667,N/A
2025-04-30 07:14:00,100m,200Mi,43m,250Mi,100m,300Mi,8m,516Mi,100m,300Mi,9m,482Mi,100m,300Mi,8m,520Mi,100m,300Mi,9m,503Mi,100m,300Mi,9m,499Mi,100m,300Mi,9m,558Mi,100m,300Mi,10m,533Mi,100m,300Mi,6m,189Mi,100m,300Mi,8m,499Mi,100m,300Mi,8m,493Mi,100m,300Mi,9m,578Mi,100m,300Mi,9m,617Mi,100m,300Mi,9m,543Mi,100m,300Mi,9m,612Mi,100m,300Mi,10m,547Mi,100m,300Mi,8m,530Mi,100m,300Mi,9m,621Mi,100m,300Mi,9m,572Mi,100m,300Mi,609m,1002Mi,100m,300Mi,8m,557Mi,100m,300Mi,5m,53Mi,100m,300Mi,10m,562Mi,100m,300Mi,8m,573Mi,1536m,3000Mi,424m,715Mi,100m,300Mi,9m,593Mi,100m,300Mi,8m,508Mi,100m,300Mi,9m,496Mi,100m,300Mi,9m,520Mi,100m,300Mi,9m,499Mi,100m,300Mi,9m,536Mi,2304m,3000Mi,451m,695Mi,100m,300Mi,9m,486Mi,100m,300Mi,10m,573Mi,100m,300Mi,9m,595Mi,1600m,3000Mi,384m,702Mi,100m,300Mi,6m,94Mi,100m,300Mi,9m,586Mi,100m,300Mi,10m,568Mi,100m,300Mi,9m,486Mi,100m,300Mi,10m,610Mi,100m,300Mi,9m,562Mi,50m,100Mi,303m,71Mi,100m,300Mi,10m,610Mi,100m,300Mi,10m,469Mi,100m,300Mi,5m,66Mi,100m,300Mi,10m,588Mi,0.010142309834056817,N/A,505169920.0,N/A,0.011619121048574267,N/A,547490474.6666666,N/A,0.009247045876855459,nan,559525888.0,0.0,0.010334876753369892,N/A,588528298.6666667,N/A,0.40749395218805406,271.1581291759463,748260010.6666666,26.483333333333327,0.008973314837890713,N/A,621881344.0,N/A,0.009845754664899401,N/A,545817941.3333334,N/A,0.4508061596367544,2232.0932492018437,729440256.0,26.311584230350547,0.283280323927984,235.63071297989026,735756288.0,25.722222222222218,0.005345800000000623,N/A,595614378.6666667,N/A,0.008454473249458689,N/A,640092842.6666667,N/A,0.2458693306793979,1171.1684370257958,73222826.66666666,65.14444444444443,0.009534282832088927,N/A,639236778.6666667,N/A
2025-04-30 07:15:51,100m,200Mi,53m,251Mi,100m,300Mi,9m,514Mi,100m,300Mi,9m,482Mi,100m,300Mi,10m,523Mi,100m,300Mi,9m,504Mi,100m,300Mi,10m,499Mi,100m,300Mi,9m,559Mi,100m,300Mi,9m,535Mi,100m,300Mi,5m,191Mi,100m,300Mi,9m,499Mi,100m,300Mi,9m,497Mi,100m,300Mi,10m,576Mi,100m,300Mi,9m,619Mi,100m,300Mi,9m,545Mi,100m,300Mi,9m,612Mi,100m,300Mi,9m,544Mi,100m,300Mi,9m,526Mi,100m,300Mi,9m,621Mi,100m,300Mi,10m,576Mi,100m,300Mi,593m,1002Mi,100m,300Mi,9m,560Mi,100m,300Mi,5m,53Mi,100m,300Mi,9m,562Mi,100m,300Mi,9m,573Mi,1536m,3000Mi,405m,718Mi,100m,300Mi,9m,593Mi,100m,300Mi,9m,509Mi,100m,300Mi,8m,494Mi,100m,300Mi,10m,524Mi,100m,300Mi,9m,503Mi,100m,300Mi,9m,538Mi,2304m,3000Mi,445m,701Mi,100m,300Mi,8m,486Mi,100m,300Mi,10m,574Mi,100m,300Mi,9m,596Mi,1600m,3000Mi,354m,698Mi,100m,300Mi,12m,95Mi,100m,300Mi,9m,588Mi,100m,300Mi,10m,569Mi,100m,300Mi,9m,486Mi,100m,300Mi,10m,611Mi,100m,300Mi,9m,558Mi,50m,100Mi,308m,71Mi,100m,300Mi,9m,610Mi,100m,300Mi,9m,469Mi,100m,300Mi,5m,65Mi,100m,300Mi,9m,589Mi,0.008325523712758794,N/A,506062165.3333334,N/A,0.009364202878299832,N/A,549016917.3333333,N/A,0.008288314947207987,nan,561224362.6666667,0.0,0.00608402234532344,N/A,589324288.0,N/A,0.28559082792502843,223.38515546639923,751441237.3333334,25.538888888888888,0.008049364077226551,N/A,622311424.0,N/A,0.008496033956758825,N/A,549741909.3333334,N/A,0.37906305724129963,2309.075907590759,733212672.0,25.988888888888887,0.289921788798478,216.47340425531908,734091946.6666666,25.733333333333327,0.005212460974857771,N/A,596145493.3333334,N/A,0.006650780572842232,N/A,641159168.0,N/A,0.3078704143639494,1352.941176470589,74404864.0,65.75764972152572,0.007049095273797979,N/A,639979520.0,N/A
2025-04-30 07:17:46,100m,200Mi,47m,252Mi,100m,300Mi,8m,512Mi,100m,300Mi,10m,472Mi,100m,300Mi,10m,524Mi,100m,300Mi,9m,494Mi,100m,300Mi,10m,500Mi,100m,300Mi,9m,551Mi,100m,300Mi,9m,530Mi,100m,300Mi,5m,181Mi,100m,300Mi,9m,493Mi,100m,300Mi,9m,498Mi,100m,300Mi,8m,570Mi,100m,300Mi,9m,609Mi,100m,300Mi,9m,536Mi,100m,300Mi,8m,605Mi,100m,300Mi,9m,540Mi,100m,300Mi,9m,526Mi,100m,300Mi,9m,620Mi,100m,300Mi,9m,572Mi,100m,300Mi,598m,1002Mi,100m,300Mi,9m,561Mi,100m,300Mi,4m,48Mi,100m,300Mi,8m,562Mi,100m,300Mi,10m,571Mi,1536m,3000Mi,380m,709Mi,100m,300Mi,8m,593Mi,100m,300Mi,9m,503Mi,100m,300Mi,9m,492Mi,100m,300Mi,9m,525Mi,100m,300Mi,10m,502Mi,100m,300Mi,9m,529Mi,2304m,3000Mi,460m,698Mi,100m,300Mi,8m,486Mi,100m,300Mi,9m,565Mi,100m,300Mi,9m,598Mi,1600m,3000Mi,374m,701Mi,100m,300Mi,11m,92Mi,100m,300Mi,8m,586Mi,100m,300Mi,8m,568Mi,100m,300Mi,9m,482Mi,100m,300Mi,8m,609Mi,100m,300Mi,8m,557Mi,50m,100Mi,299m,73Mi,100m,300Mi,9m,610Mi,100m,300Mi,8m,466Mi,100m,300Mi,4m,62Mi,100m,300Mi,8m,586Mi,0.007240292550577299,N/A,494892032.0,N/A,0.007236101516744308,N/A,550046378.6666666,N/A,0.007443076605835602,nan,556331008.0,0.0,0.008581569448777835,N/A,588440917.3333334,N/A,0.2531948999999997,236.11285266457674,746246144.0,26.499999999999996,0.007690547780449714,N/A,617081514.6666666,N/A,0.008024898130394226,N/A,550174720.0,N/A,0.3073357250000015,1932.6208474809262,733121194.6666666,28.837784825254605,0.3717493537942488,190.1654411764705,733730133.3333334,27.505555555555553,0.007305449517568761,N/A,595021824.0,N/A,0.005324901014629975,N/A,638517248.0,N/A,0.3255469884002232,800.7677543186182,76390400.0,68.54444444444444,0.008289068874853894,N/A,637597013.3333334,N/A
2025-04-30 07:19:37,100m,200Mi,41m,253Mi,100m,300Mi,8m,510Mi,100m,300Mi,9m,472Mi,100m,300Mi,9m,518Mi,100m,300Mi,8m,494Mi,100m,300Mi,9m,493Mi,100m,300Mi,8m,548Mi,100m,300Mi,8m,528Mi,100m,300Mi,5m,180Mi,100m,300Mi,8m,492Mi,100m,300Mi,8m,497Mi,100m,300Mi,8m,569Mi,100m,300Mi,8m,610Mi,100m,300Mi,8m,536Mi,100m,300Mi,9m,603Mi,100m,300Mi,9m,540Mi,100m,300Mi,8m,524Mi,100m,300Mi,9m,621Mi,100m,300Mi,8m,567Mi,100m,300Mi,604m,1000Mi,100m,300Mi,9m,557Mi,100m,300Mi,4m,47Mi,100m,300Mi,9m,563Mi,100m,300Mi,9m,574Mi,1920m,3000Mi,375m,706Mi,100m,300Mi,8m,586Mi,100m,300Mi,8m,499Mi,100m,300Mi,9m,492Mi,100m,300Mi,8m,525Mi,100m,300Mi,8m,503Mi,100m,300Mi,9m,530Mi,2765m,3000Mi,460m,683Mi,100m,300Mi,9m,487Mi,100m,300Mi,9m,566Mi,100m,300Mi,9m,598Mi,1920m,3000Mi,377m,699Mi,100m,300Mi,5m,89Mi,100m,300Mi,11m,590Mi,100m,300Mi,8m,564Mi,100m,300Mi,8m,481Mi,100m,300Mi,8m,605Mi,100m,300Mi,8m,557Mi,50m,100Mi,318m,73Mi,100m,300Mi,8m,605Mi,100m,300Mi,8m,465Mi,100m,300Mi,4m,61Mi,100m,300Mi,8m,585Mi,0.0065734146147281985,N/A,494873258.6666667,N/A,0.007834499650105362,N/A,541462528.0,N/A,0.0060717875248301285,nan,553921194.6666666,0.0,0.010082438400976364,N/A,590200832.0,N/A,0.33944118860496353,225.10840108401095,742246400.0,25.85555555555555,0.015714383869973876,N/A,614769664.0,N/A,0.018674537987680213,N/A,548173141.3333334,N/A,0.4038356058220908,2294.5326278659613,722130944.0,25.699999999999996,0.37804532239867994,216.02564102564094,732603392.0,26.78333333333333,0.007755233250351567,N/A,591381504.0,N/A,0.007957412523019534,N/A,634919936.0,N/A,0.31012947444364275,1456.9148936170218,76876458.66666667,65.37777777777777,0.008290920896006963,N/A,634462208.0,N/A
2025-04-30 07:21:32,100m,200Mi,41m,247Mi,100m,300Mi,8m,509Mi,100m,300Mi,8m,472Mi,100m,300Mi,8m,517Mi,100m,300Mi,8m,495Mi,100m,300Mi,8m,494Mi,100m,300Mi,10m,549Mi,100m,300Mi,8m,529Mi,100m,300Mi,4m,180Mi,100m,300Mi,8m,493Mi,100m,300Mi,8m,492Mi,100m,300Mi,9m,570Mi,100m,300Mi,10m,610Mi,100m,300Mi,9m,536Mi,100m,300Mi,9m,603Mi,100m,300Mi,11m,540Mi,100m,300Mi,8m,524Mi,100m,300Mi,10m,622Mi,100m,300Mi,10m,567Mi,100m,300Mi,595m,999Mi,100m,300Mi,10m,555Mi,100m,300Mi,4m,46Mi,100m,300Mi,10m,564Mi,100m,300Mi,10m,571Mi,1920m,3000Mi,394m,711Mi,100m,300Mi,9m,586Mi,100m,300Mi,8m,500Mi,100m,300Mi,9m,492Mi,100m,300Mi,10m,520Mi,100m,300Mi,9m,495Mi,100m,300Mi,9m,530Mi,2765m,3000Mi,438m,695Mi,100m,300Mi,9m,487Mi,100m,300Mi,10m,567Mi,100m,300Mi,10m,596Mi,1920m,3000Mi,372m,699Mi,100m,300Mi,4m,89Mi,100m,300Mi,12m,583Mi,100m,300Mi,8m,569Mi,100m,300Mi,9m,486Mi,100m,300Mi,8m,611Mi,100m,300Mi,9m,556Mi,50m,100Mi,303m,66Mi,100m,300Mi,8m,606Mi,100m,300Mi,8m,465Mi,100m,300Mi,5m,61Mi,100m,300Mi,8m,588Mi,0.008373101825746928,N/A,495482880.0,N/A,0.008113106256941362,N/A,541906261.3333333,N/A,0.010152683005612376,nan,554607616.0,0.0,0.008112968651081581,N/A,591836160.0,N/A,0.20885912500000073,198.14141539217604,747592362.6666666,28.427745654027202,0.006260028677191907,N/A,614782293.3333334,N/A,0.007814367237328725,N/A,545475242.6666666,N/A,0.2669807406788726,2074.0231608729964,729450496.0,25.97688078381951,0.23574672500000135,182.33627099711038,732345685.3333334,27.00487910350025,0.00541676000611601,N/A,597086208.0,N/A,0.005774502369196501,N/A,640868352.0,N/A,0.28246589736136346,669.4078947368415,69346645.33333333,45.60740740740739,0.007785839139318068,N/A,635379712.0,N/A
2025-04-30 07:23:23,100m,200Mi,45m,246Mi,100m,300Mi,8m,511Mi,100m,300Mi,8m,472Mi,100m,300Mi,8m,517Mi,100m,300Mi,8m,495Mi,100m,300Mi,8m,494Mi,100m,300Mi,9m,549Mi,100m,300Mi,8m,529Mi,100m,300Mi,4m,180Mi,100m,300Mi,7m,493Mi,100m,300Mi,8m,493Mi,100m,300Mi,9m,569Mi,100m,300Mi,10m,610Mi,100m,300Mi,10m,537Mi,100m,300Mi,12m,606Mi,100m,300Mi,11m,538Mi,100m,300Mi,8m,525Mi,100m,300Mi,10m,617Mi,100m,300Mi,10m,566Mi,100m,300Mi,592m,1001Mi,100m,300Mi,10m,555Mi,100m,300Mi,4m,46Mi,100m,300Mi,10m,559Mi,100m,300Mi,10m,569Mi,1920m,3000Mi,404m,718Mi,100m,300Mi,10m,586Mi,100m,300Mi,8m,500Mi,100m,300Mi,8m,491Mi,100m,300Mi,10m,519Mi,100m,300Mi,8m,496Mi,100m,300Mi,8m,530Mi,2765m,3000Mi,444m,701Mi,100m,300Mi,8m,479Mi,100m,300Mi,10m,567Mi,100m,300Mi,9m,593Mi,1920m,3000Mi,341m,705Mi,100m,300Mi,5m,89Mi,100m,300Mi,12m,584Mi,100m,300Mi,8m,572Mi,100m,300Mi,8m,488Mi,100m,300Mi,9m,612Mi,100m,300Mi,10m,555Mi,50m,100Mi,303m,66Mi,100m,300Mi,9m,609Mi,100m,300Mi,9m,465Mi,100m,300Mi,5m,65Mi,100m,300Mi,8m,589Mi,0.008042477373092919,N/A,495683584.0,N/A,0.006056845565143152,N/A,542304256.0,N/A,0.00781457998691563,nan,558275242.6666667,0.0,0.007979366501528093,N/A,586076160.0,N/A,0.3320183028129828,143.98773006134974,752118784.0,25.044444444444437,0.005601658595089193,N/A,614759082.6666666,N/A,0.005880918294386009,N/A,545073834.6666666,N/A,0.3268225325482607,750.0,735538176.0,24.05555555555555,0.30840340670492655,99.04741379310343,738711552.0,24.483333333333327,0.008817818920970315,N/A,599537664.0,N/A,0.007876534906929668,N/A,642594133.3333333,N/A,0.32592853394899773,192.40131578947364,68978005.33333333,41.23703703703703,0.009164126897516512,N/A,637524650.6666667,N/A
2025-04-30 07:25:14,100m,200Mi,44m,246Mi,100m,300Mi,8m,511Mi,100m,300Mi,8m,472Mi,100m,300Mi,7m,517Mi,100m,300Mi,8m,496Mi,100m,300Mi,8m,494Mi,100m,300Mi,8m,550Mi,100m,300Mi,9m,536Mi,100m,300Mi,5m,180Mi,100m,300Mi,8m,494Mi,100m,300Mi,8m,493Mi,100m,300Mi,8m,570Mi,100m,300Mi,8m,611Mi,100m,300Mi,8m,536Mi,100m,300Mi,11m,606Mi,100m,300Mi,9m,540Mi,100m,300Mi,8m,524Mi,100m,300Mi,8m,617Mi,100m,300Mi,8m,568Mi,100m,300Mi,583m,1004Mi,100m,300Mi,8m,555Mi,100m,300Mi,4m,46Mi,100m,300Mi,8m,559Mi,100m,300Mi,9m,568Mi,1920m,3000Mi,378m,718Mi,100m,300Mi,7m,587Mi,100m,300Mi,8m,500Mi,100m,300Mi,8m,492Mi,100m,300Mi,8m,521Mi,100m,300Mi,8m,496Mi,100m,300Mi,7m,530Mi,2765m,3000Mi,456m,704Mi,100m,300Mi,8m,480Mi,100m,300Mi,9m,567Mi,100m,300Mi,8m,593Mi,2400m,3000Mi,367m,714Mi,100m,300Mi,4m,89Mi,100m,300Mi,10m,584Mi,100m,300Mi,8m,567Mi,100m,300Mi,8m,482Mi,100m,300Mi,9m,608Mi,100m,300Mi,9m,557Mi,50m,100Mi,318m,65Mi,100m,300Mi,10m,611Mi,100m,300Mi,8m,466Mi,100m,300Mi,5m,66Mi,100m,300Mi,9m,585Mi,0.005500065030711897,N/A,494841856.0,N/A,0.006499210167300754,N/A,542391296.0,N/A,0.008759609669110414,nan,562070528.0,0.0,0.007407072422123646,N/A,586219520.0,N/A,0.3031860804900519,23.958737864077683,753343488.0,22.144444444444442,0.00715025532107227,N/A,615638016.0,N/A,0.007677069676718635,N/A,545985877.3333333,N/A,0.36876718168600947,73.5964912280701,738757632.0,21.911111111111108,0.27334706469282666,22.119669876203602,746617514.6666666,20.333333333333332,0.008154611644092678,N/A,594762410.6666666,N/A,0.009174316883286375,N/A,639472640.0,N/A,0.3039757230836901,46.70511221945138,68803242.66666666,35.785185185185185,0.005102767244679765,N/A,641771520.0,N/A
2025-04-30 07:27:05,100m,200Mi,52m,247Mi,100m,300Mi,8m,513Mi,100m,300Mi,8m,473Mi,100m,300Mi,8m,520Mi,100m,300Mi,8m,496Mi,100m,300Mi,8m,496Mi,100m,300Mi,8m,550Mi,100m,300Mi,10m,536Mi,100m,300Mi,4m,180Mi,100m,300Mi,8m,496Mi,100m,300Mi,8m,494Mi,100m,300Mi,8m,571Mi,100m,300Mi,8m,611Mi,100m,300Mi,8m,537Mi,100m,300Mi,7m,606Mi,100m,300Mi,8m,541Mi,100m,300Mi,8m,526Mi,100m,300Mi,8m,617Mi,100m,300Mi,8m,568Mi,100m,300Mi,539m,1008Mi,100m,300Mi,8m,556Mi,100m,300Mi,4m,46Mi,100m,300Mi,8m,559Mi,100m,300Mi,8m,569Mi,1920m,3000Mi,334m,713Mi,100m,300Mi,8m,587Mi,100m,300Mi,8m,500Mi,100m,300Mi,8m,492Mi,100m,300Mi,8m,520Mi,100m,300Mi,8m,497Mi,100m,300Mi,8m,531Mi,2765m,3000Mi,385m,706Mi,100m,300Mi,8m,481Mi,100m,300Mi,8m,567Mi,100m,300Mi,8m,593Mi,2700m,3000Mi,317m,708Mi,100m,300Mi,4m,89Mi,100m,300Mi,8m,584Mi,100m,300Mi,9m,566Mi,100m,300Mi,8m,481Mi,100m,300Mi,9m,607Mi,100m,300Mi,8m,555Mi,50m,100Mi,306m,64Mi,100m,300Mi,13m,617Mi,100m,300Mi,8m,472Mi,100m,300Mi,4m,62Mi,100m,300Mi,9m,587Mi,0.0076363714778598935,N/A,495990101.3333334,N/A,0.0059670752937382165,N/A,545065642.6666666,N/A,0.008589051229888338,nan,560874837.3333333,0.0,0.006362910496366078,N/A,585998336.0,N/A,0.16578250000000025,23.143009605122735,747873621.3333334,16.944444444444443,0.00496674289264921,N/A,615996074.6666666,N/A,0.006760631401361628,N/A,545946282.6666666,N/A,0.22208689929800052,48.852683461117195,739782656.0,16.455555555555556,0.2557134156908371,22.398354876615734,743237632.0,17.59444444444444,0.008529541284403091,N/A,593523712.0,N/A,0.008217605528656472,N/A,636475392.0,N/A,0.2614317233154439,40.62404870624048,67534848.0,27.88148148148148,0.007962011688711194,N/A,646212266.6666666,N/A
2025-04-30 07:28:57,100m,200Mi,44m,247Mi,100m,300Mi,8m,512Mi,100m,300Mi,8m,473Mi,100m,300Mi,8m,520Mi,100m,300Mi,8m,497Mi,100m,300Mi,8m,495Mi,100m,300Mi,8m,551Mi,100m,300Mi,10m,530Mi,100m,300Mi,4m,180Mi,100m,300Mi,8m,496Mi,100m,300Mi,8m,494Mi,100m,300Mi,8m,571Mi,100m,300Mi,8m,611Mi,100m,300Mi,8m,538Mi,100m,300Mi,7m,607Mi,100m,300Mi,8m,541Mi,100m,300Mi,8m,525Mi,100m,300Mi,8m,618Mi,100m,300Mi,8m,567Mi,100m,300Mi,462m,1006Mi,100m,300Mi,7m,556Mi,100m,300Mi,4m,47Mi,100m,300Mi,8m,560Mi,100m,300Mi,7m,570Mi,1536m,3000Mi,276m,714Mi,100m,300Mi,8m,587Mi,100m,300Mi,7m,501Mi,100m,300Mi,8m,493Mi,100m,300Mi,8m,520Mi,100m,300Mi,8m,498Mi,100m,300Mi,8m,532Mi,2765m,3000Mi,282m,699Mi,100m,300Mi,8m,481Mi,100m,300Mi,8m,568Mi,100m,300Mi,8m,592Mi,2160m,3000Mi,277m,711Mi,100m,300Mi,4m,89Mi,100m,300Mi,8m,584Mi,100m,300Mi,9m,566Mi,100m,300Mi,8m,481Mi,100m,300Mi,9m,607Mi,100m,300Mi,8m,557Mi,50m,100Mi,264m,64Mi,100m,300Mi,12m,610Mi,100m,300Mi,8m,472Mi,100m,300Mi,4m,61Mi,100m,300Mi,9m,587Mi,0.005752594589824584,N/A,495762090.6666666,N/A,0.007308642802340594,N/A,544350208.0,N/A,0.008045903908256864,nan,555712512.0,0.0,0.009120623822143525,N/A,586881024.0,N/A,0.23300086561350142,22.287857641311938,748544000.0,12.255555555555553,0.006617840730449751,N/A,615951360.0,N/A,0.008500502618908362,N/A,545901568.0,N/A,0.2734582906857689,47.76303935695903,732471296.0,12.84949737567832,0.1740293843969641,21.3335844001,743811072.0,12.027034961302373,0.008790103729381963,N/A,594021034.6666666,N/A,0.005930349999999862,N/A,636630357.3333334,N/A,0.1663795526939664,41.07142857142857,67337216.0,20.318518518518516,0.006670620141179968,N/A,640309248.0,N/A
2025-04-30 07:30:47,100m,200Mi,51m,247Mi,100m,300Mi,7m,512Mi,100m,300Mi,8m,474Mi,100m,300Mi,8m,520Mi,100m,300Mi,8m,497Mi,100m,300Mi,8m,495Mi,100m,300Mi,8m,550Mi,100m,300Mi,8m,530Mi,100m,300Mi,4m,180Mi,100m,300Mi,7m,496Mi,100m,300Mi,7m,494Mi,100m,300Mi,8m,571Mi,100m,300Mi,8m,614Mi,100m,300Mi,8m,538Mi,100m,300Mi,8m,607Mi,100m,300Mi,9m,542Mi,100m,300Mi,7m,525Mi,100m,300Mi,8m,619Mi,100m,300Mi,9m,569Mi,100m,300Mi,357m,1005Mi,100m,300Mi,8m,556Mi,100m,300Mi,4m,47Mi,100m,300Mi,8m,561Mi,100m,300Mi,8m,571Mi,1536m,3000Mi,218m,714Mi,100m,300Mi,8m,587Mi,100m,300Mi,8m,501Mi,100m,300Mi,8m,492Mi,100m,300Mi,8m,521Mi,100m,300Mi,8m,498Mi,100m,300Mi,8m,531Mi,2074m,3000Mi,250m,699Mi,100m,300Mi,8m,481Mi,100m,300Mi,8m,569Mi,100m,300Mi,8m,595Mi,2160m,3000Mi,209m,707Mi,100m,300Mi,4m,89Mi,100m,300Mi,8m,585Mi,100m,300Mi,9m,567Mi,100m,300Mi,7m,481Mi,100m,300Mi,8m,608Mi,100m,300Mi,8m,557Mi,50m,100Mi,202m,63Mi,100m,300Mi,8m,612Mi,100m,300Mi,8m,466Mi,100m,300Mi,4m,61Mi,100m,300Mi,8m,587Mi,0.007746652590380779,N/A,496399701.3333334,N/A,0.007783751946651886,N/A,545005568.0,N/A,0.008161166953665918,nan,555990016.0,0.0,0.00839833044894648,N/A,587692032.0,N/A,0.1360552024379617,21.84183673469388,749101056.0,7.799999999999999,0.006272374719740094,N/A,615813120.0,N/A,0.006339494650961977,N/A,546736128.0,N/A,0.16675347383817754,47.12255772646536,732932778.6666666,8.288888888888888,0.05191439999999829,20.640394088669947,741306368.0,8.327777777777776,0.007714790680518659,N/A,594378752.0,N/A,0.008171342157107681,N/A,637270016.0,N/A,0.13181466141635725,38.54041916167664,66446336.0,12.640439050007028,0.0069429813677292515,N/A,641480704.0,N/A
2025-04-30 07:32:41,100m,200Mi,42m,246Mi,100m,300Mi,8m,513Mi,100m,300Mi,8m,474Mi,100m,300Mi,7m,520Mi,100m,300Mi,8m,497Mi,100m,300Mi,7m,495Mi,100m,300Mi,8m,550Mi,100m,300Mi,8m,531Mi,100m,300Mi,5m,180Mi,100m,300Mi,7m,496Mi,100m,300Mi,8m,494Mi,100m,300Mi,8m,571Mi,100m,300Mi,11m,617Mi,100m,300Mi,8m,538Mi,100m,300Mi,8m,607Mi,100m,300Mi,9m,542Mi,100m,300Mi,8m,525Mi,100m,300Mi,9m,619Mi,100m,300Mi,8m,569Mi,100m,300Mi,272m,1000Mi,100m,300Mi,8m,556Mi,100m,300Mi,4m,47Mi,100m,300Mi,8m,560Mi,100m,300Mi,8m,573Mi,1536m,3000Mi,156m,713Mi,100m,300Mi,8m,588Mi,100m,300Mi,7m,501Mi,100m,300Mi,7m,493Mi,100m,300Mi,8m,521Mi,100m,300Mi,7m,497Mi,100m,300Mi,7m,532Mi,2074m,3000Mi,168m,699Mi,100m,300Mi,8m,480Mi,100m,300Mi,9m,569Mi,100m,300Mi,8m,595Mi,2160m,3000Mi,146m,710Mi,100m,300Mi,4m,89Mi,100m,300Mi,8m,585Mi,100m,300Mi,8m,567Mi,100m,300Mi,8m,481Mi,100m,300Mi,8m,609Mi,100m,300Mi,8m,558Mi,50m,100Mi,142m,63Mi,100m,300Mi,8m,612Mi,100m,300Mi,8m,468Mi,100m,300Mi,4m,61Mi,100m,300Mi,7m,588Mi,0.007724659145358685,N/A,496790186.6666666,N/A,0.005742201092015705,N/A,545563989.3333333,N/A,0.0064989884744565095,nan,556534442.6666666,0.0,0.005695886601333807,N/A,587701248.0,N/A,0.09270932444114793,22.270000000000003,747896832.0,3.8999999999999995,0.008092271117604823,N/A,616598528.0,N/A,0.00816922397172266,N/A,546623488.0,N/A,0.06177099280530327,46.86192468619247,732829013.3333334,3.4555555555555553,0.06461903410098836,21.10138248847926,744523776.0,3.261111111111111,0.00806658179219136,N/A,594949120.0,N/A,0.006834682888018633,N/A,638308352.0,N/A,0.062480228012057173,36.660714285714285,66094421.33333333,5.851851851851851,0.009434251559250687,N/A,641327104.0,N/A
2025-04-30 07:34:32,100m,200Mi,48m,246Mi,100m,300Mi,8m,512Mi,100m,300Mi,8m,474Mi,100m,300Mi,7m,520Mi,100m,300Mi,8m,496Mi,100m,300Mi,8m,494Mi,100m,300Mi,8m,549Mi,100m,300Mi,8m,531Mi,100m,300Mi,4m,180Mi,100m,300Mi,8m,496Mi,100m,300Mi,8m,494Mi,100m,300Mi,8m,571Mi,100m,300Mi,11m,616Mi,100m,300Mi,8m,538Mi,100m,300Mi,7m,607Mi,100m,300Mi,8m,542Mi,100m,300Mi,7m,525Mi,100m,300Mi,8m,618Mi,100m,300Mi,8m,569Mi,100m,300Mi,184m,1001Mi,100m,300Mi,8m,556Mi,100m,300Mi,4m,46Mi,100m,300Mi,8m,560Mi,100m,300Mi,8m,573Mi,1536m,3000Mi,98m,715Mi,100m,300Mi,8m,588Mi,100m,300Mi,8m,501Mi,100m,300Mi,8m,493Mi,100m,300Mi,8m,521Mi,100m,300Mi,8m,498Mi,100m,300Mi,8m,532Mi,2074m,3000Mi,107m,698Mi,100m,300Mi,8m,481Mi,100m,300Mi,8m,569Mi,100m,300Mi,8m,595Mi,2160m,3000Mi,89m,710Mi,100m,300Mi,4m,89Mi,100m,300Mi,8m,585Mi,100m,300Mi,8m,568Mi,100m,300Mi,8m,481Mi,100m,300Mi,9m,609Mi,100m,300Mi,8m,558Mi,50m,100Mi,90m,63Mi,100m,300Mi,9m,612Mi,100m,300Mi,9m,468Mi,100m,300Mi,5m,61Mi,100m,300Mi,8m,587Mi,0.008106649670703804,N/A,497202517.3333333,N/A,0.01044408602150516,N/A,545221290.6666666,N/A,0.007707852681647747,nan,556494848.0,0.0,0.008220010531858727,N/A,587441493.3333334,N/A,0.06411920786425522,21.93,749292202.6666667,3.3833333333333333,0.007970919136112895,N/A,616630954.6666666,N/A,0.008161813754036596,N/A,546477397.3333333,N/A,0.06994541276475946,47.04009433962264,732310186.6666666,3.0555555555555554,0.06343694858965894,21.048969072164947,744518997.3333334,3.1277777777777773,0.006169556895884847,N/A,594705066.6666666,N/A,0.007881313546774531,N/A,638885888.0,N/A,0.03856906134138358,37.234848484848506,66257920.0,5.303703703703704,0.0080864001714716,N/A,641822720.0,N/A
2025-04-30 07:36:24,100m,200Mi,53m,247Mi,100m,300Mi,9m,511Mi,100m,300Mi,9m,473Mi,100m,300Mi,9m,520Mi,100m,300Mi,8m,497Mi,100m,300Mi,9m,495Mi,100m,300Mi,8m,550Mi,100m,300Mi,8m,530Mi,100m,300Mi,4m,180Mi,100m,300Mi,8m,494Mi,100m,300Mi,9m,493Mi,100m,300Mi,8m,572Mi,100m,300Mi,8m,616Mi,100m,300Mi,8m,537Mi,100m,300Mi,8m,607Mi,100m,300Mi,9m,541Mi,100m,300Mi,9m,525Mi,100m,300Mi,9m,618Mi,100m,300Mi,9m,569Mi,100m,300Mi,135m,1005Mi,100m,300Mi,8m,557Mi,100m,300Mi,4m,46Mi,100m,300Mi,8m,561Mi,100m,300Mi,8m,572Mi,1536m,3000Mi,66m,714Mi,100m,300Mi,8m,588Mi,100m,300Mi,9m,499Mi,100m,300Mi,9m,493Mi,100m,300Mi,8m,522Mi,100m,300Mi,9m,497Mi,100m,300Mi,8m,531Mi,2074m,3000Mi,75m,699Mi,100m,300Mi,8m,481Mi,100m,300Mi,8m,569Mi,100m,300Mi,8m,595Mi,2160m,3000Mi,60m,710Mi,100m,300Mi,4m,88Mi,100m,300Mi,8m,585Mi,100m,300Mi,8m,568Mi,100m,300Mi,9m,481Mi,100m,300Mi,9m,609Mi,100m,300Mi,8m,558Mi,50m,100Mi,63m,63Mi,100m,300Mi,9m,612Mi,100m,300Mi,8m,468Mi,100m,300Mi,5m,61Mi,100m,300Mi,8m,588Mi,0.008454323400097394,N/A,496585728.0,N/A,0.008010652930230431,N/A,545284096.0,N/A,0.006770984081922251,nan,556221781.3333333,0.0,0.008475054839979707,N/A,588006741.3333333,N/A,0.03184211363212341,22.165306122448975,749008896.0,3.0999999999999996,0.006864352683509128,N/A,617037824.0,N/A,N/A,N/A,546975744.0,N/A,0.059639480280027156,46.8075117370892,733087061.3333333,3.177777777777777,0.030272550000000824,21.505555555555556,744511488.0,3.5499999999999994,0.007703798231978508,N/A,595451904.0,N/A,0.007593065044824233,N/A,639212544.0,N/A,0.058937795001738735,35.46610169491525,66308778.66666667,5.518518518518517,0.0058385703377924385,N/A,641755818.6666667,N/A
2025-04-30 07:38:12,100m,200Mi,53m,247Mi,100m,300Mi,8m,512Mi,100m,300Mi,9m,474Mi,100m,300Mi,8m,520Mi,100m,300Mi,8m,496Mi,100m,300Mi,8m,495Mi,100m,300Mi,8m,551Mi,100m,300Mi,8m,531Mi,100m,300Mi,5m,180Mi,100m,300Mi,9m,501Mi,100m,300Mi,8m,494Mi,100m,300Mi,9m,571Mi,100m,300Mi,8m,617Mi,100m,300Mi,8m,537Mi,100m,300Mi,9m,606Mi,100m,300Mi,8m,540Mi,100m,300Mi,9m,525Mi,100m,300Mi,9m,618Mi,100m,300Mi,8m,569Mi,100m,300Mi,123m,1005Mi,100m,300Mi,8m,557Mi,100m,300Mi,4m,46Mi,100m,300Mi,8m,561Mi,100m,300Mi,8m,572Mi,1536m,3000Mi,62m,714Mi,100m,300Mi,8m,588Mi,100m,300Mi,8m,501Mi,100m,300Mi,9m,493Mi,100m,300Mi,9m,521Mi,100m,300Mi,8m,498Mi,100m,300Mi,8m,532Mi,2074m,3000Mi,70m,699Mi,100m,300Mi,9m,482Mi,100m,300Mi,9m,568Mi,100m,300Mi,8m,595Mi,2160m,3000Mi,59m,709Mi,100m,300Mi,4m,88Mi,100m,300Mi,8m,585Mi,100m,300Mi,8m,568Mi,100m,300Mi,8m,482Mi,100m,300Mi,8m,609Mi,100m,300Mi,8m,559Mi,50m,100Mi,59m,63Mi,100m,300Mi,8m,613Mi,100m,300Mi,8m,467Mi,100m,300Mi,4m,61Mi,100m,300Mi,8m,588Mi,0.0039212750000004355,N/A,496596309.3333334,N/A,0.006201263535163804,N/A,545787904.0,N/A,0.005864643004647587,nan,556492117.3333334,0.0,0.005649833333332784,N/A,587368448.0,N/A,0.04406265879797429,22.420353982300885,748875776.0,3.51111111111111,0.006048562459568048,N/A,616936789.3333334,N/A,0.010982654600302812,N/A,546215936.0,N/A,0.07641578416540556,46.83417085427136,731198464.0,3.033333333333333,0.049937212689451886,20.676020408163268,744166741.3333334,3.255555555555555,0.0076319870059562075,N/A,596067669.3333333,N/A,0.007646662370442499,N/A,639012864.0,N/A,0.05986216516268559,36.524390243902445,66454869.333333336,5.4074074074074066,0.007157841682300606,N/A,642408448.0,N/A
2025-04-30 07:39:59,100m,200Mi,43m,246Mi,100m,300Mi,8m,513Mi,100m,300Mi,8m,474Mi,100m,300Mi,7m,520Mi,100m,300Mi,8m,497Mi,100m,300Mi,8m,495Mi,100m,300Mi,8m,551Mi,100m,300Mi,8m,531Mi,100m,300Mi,5m,180Mi,100m,300Mi,8m,503Mi,100m,300Mi,8m,494Mi,100m,300Mi,11m,576Mi,100m,300Mi,9m,617Mi,100m,300Mi,8m,538Mi,100m,300Mi,8m,607Mi,100m,300Mi,9m,542Mi,100m,300Mi,8m,530Mi,100m,300Mi,9m,618Mi,100m,300Mi,8m,569Mi,100m,300Mi,122m,1006Mi,100m,300Mi,8m,557Mi,100m,300Mi,4m,46Mi,100m,300Mi,8m,560Mi,100m,300Mi,8m,572Mi,1229m,3000Mi,60m,714Mi,100m,300Mi,8m,588Mi,100m,300Mi,7m,501Mi,100m,300Mi,8m,493Mi,100m,300Mi,9m,522Mi,100m,300Mi,8m,498Mi,100m,300Mi,8m,531Mi,2488m,3000Mi,68m,699Mi,100m,300Mi,8m,481Mi,100m,300Mi,9m,568Mi,100m,300Mi,8m,595Mi,1728m,3000Mi,61m,710Mi,100m,300Mi,4m,89Mi,100m,300Mi,8m,585Mi,100m,300Mi,8m,568Mi,100m,300Mi,8m,482Mi,100m,300Mi,8m,608Mi,100m,300Mi,8m,558Mi,50m,100Mi,57m,63Mi,100m,300Mi,8m,613Mi,100m,300Mi,7m,468Mi,100m,300Mi,4m,61Mi,100m,300Mi,7m,588Mi,0.005992789063131749,N/A,497348608.0,N/A,0.006100544637830718,N/A,545596416.0,N/A,0.007752896244431095,nan,556505770.6666666,0.0,0.006100359473852737,N/A,587336362.6666666,N/A,0.06910517809608456,22.122033898305084,748986368.0,3.3474363235081084,0.007245002310180118,N/A,617147050.6666666,N/A,0.0069047992783663106,N/A,546922496.0,N/A,0.0644778844032608,46.57194327920324,733283669.3333333,3.0843026476127173,0.058418175119735745,20.9744187521423,744484864.0,3.294051939509809,0.005757675000000973,N/A,595180202.6666666,N/A,0.00858267438503638,N/A,638093312.0,N/A,0.036881524999998305,36.40625,66362026.666666664,5.474074074074073,0.007528283079990362,N/A,642781184.0,N/A
2025-04-30 07:41:51,100m,200Mi,41m,246Mi,100m,300Mi,8m,513Mi,100m,300Mi,7m,474Mi,100m,300Mi,7m,520Mi,100m,300Mi,8m,496Mi,100m,300Mi,8m,495Mi,100m,300Mi,8m,549Mi,100m,300Mi,8m,531Mi,100m,300Mi,5m,180Mi,100m,300Mi,7m,503Mi,100m,300Mi,8m,494Mi,100m,300Mi,12m,582Mi,100m,300Mi,8m,617Mi,100m,300Mi,8m,542Mi,100m,300Mi,8m,613Mi,100m,300Mi,8m,541Mi,100m,300Mi,7m,531Mi,100m,300Mi,9m,618Mi,100m,300Mi,9m,568Mi,100m,300Mi,129m,1005Mi,100m,300Mi,8m,557Mi,100m,300Mi,4m,51Mi,100m,300Mi,8m,560Mi,100m,300Mi,9m,572Mi,1229m,3000Mi,64m,714Mi,100m,300Mi,8m,588Mi,100m,300Mi,8m,506Mi,100m,300Mi,8m,499Mi,100m,300Mi,9m,521Mi,100m,300Mi,7m,498Mi,100m,300Mi,7m,532Mi,2488m,3000Mi,67m,699Mi,100m,300Mi,8m,481Mi,100m,300Mi,9m,568Mi,100m,300Mi,8m,595Mi,1728m,3000Mi,58m,710Mi,100m,300Mi,4m,89Mi,100m,300Mi,8m,585Mi,100m,300Mi,8m,568Mi,100m,300Mi,7m,482Mi,100m,300Mi,8m,609Mi,100m,300Mi,10m,562Mi,50m,100Mi,57m,63Mi,100m,300Mi,8m,613Mi,100m,300Mi,8m,468Mi,100m,300Mi,4m,61Mi,100m,300Mi,8m,588Mi,0.008204100480236756,N/A,497292629.3333334,N/A,0.006128386533329879,N/A,545737386.6666667,N/A,0.0078909596346416,nan,556627285.3333334,0.0,0.007901925477768608,N/A,586977280.0,N/A,0.059200136425649995,22.345323741007192,749031424.0,2.822222222222222,0.010721243210621444,N/A,619401216.0,N/A,0.008102611275964147,N/A,546825557.3333334,N/A,0.057986994416417366,46.95454545454545,733117098.6666666,3.4999999999999996,0.07505451416631043,21.45,741633024.0,3.166666666666666,0.007858222770749865,N/A,595140608.0,N/A,0.008289945849834016,N/A,638686208.0,N/A,0.04812423053006884,38.66319444444445,66501290.666666664,5.229629629629629,0.007663840179571971,N/A,642849792.0,N/A
2025-04-30 07:43:42,100m,200Mi,40m,246Mi,100m,300Mi,7m,519Mi,100m,300Mi,7m,480Mi,100m,300Mi,7m,526Mi,100m,300Mi,8m,502Mi,100m,300Mi,8m,499Mi,100m,300Mi,8m,551Mi,100m,300Mi,9m,531Mi,100m,300Mi,5m,187Mi,100m,300Mi,7m,495Mi,100m,300Mi,8m,498Mi,100m,300Mi,11m,584Mi,100m,300Mi,8m,617Mi,100m,300Mi,8m,543Mi,100m,300Mi,8m,615Mi,100m,300Mi,8m,548Mi,100m,300Mi,8m,530Mi,100m,300Mi,8m,618Mi,100m,300Mi,8m,569Mi,100m,300Mi,122m,1006Mi,100m,300Mi,8m,556Mi,100m,300Mi,4m,51Mi,100m,300Mi,8m,560Mi,100m,300Mi,8m,572Mi,1229m,3000Mi,58m,714Mi,100m,300Mi,7m,596Mi,100m,300Mi,8m,507Mi,100m,300Mi,8m,500Mi,100m,300Mi,8m,521Mi,100m,300Mi,8m,503Mi,100m,300Mi,8m,532Mi,2488m,3000Mi,69m,699Mi,100m,300Mi,8m,480Mi,100m,300Mi,8m,568Mi,100m,300Mi,8m,595Mi,1728m,3000Mi,59m,705Mi,100m,300Mi,4m,89Mi,100m,300Mi,8m,585Mi,100m,300Mi,8m,568Mi,100m,300Mi,7m,482Mi,100m,300Mi,8m,609Mi,100m,300Mi,10m,567Mi,50m,100Mi,55m,63Mi,100m,300Mi,8m,613Mi,100m,300Mi,8m,467Mi,100m,300Mi,4m,61Mi,100m,300Mi,8m,587Mi,0.008009428446132246,N/A,503117824.0,N/A,0.006439535489426393,N/A,552195072.0,N/A,0.008511373609431183,nan,556451840.0,0.0,0.007973716142567035,N/A,587291648.0,N/A,0.06798521638042596,22.096226415094343,748597248.0,3.344444444444444,0.007804984682154471,N/A,624781312.0,N/A,0.006694328028189364,N/A,546807808.0,N/A,0.0607773615665406,47.21739130434783,733295957.3333334,3.266666666666666,0.04708545795242022,20.603174603174608,738938880.0,3.061111111111111,0.01069768134059664,N/A,594470229.3333334,N/A,0.00596140000000105,N/A,639178069.3333334,N/A,0.044944749256963346,38.54609929078015,66420736.0,5.355555555555556,0.0063875914804951885,N/A,642123093.3333333,N/A
2025-04-30 07:45:34,100m,200Mi,42m,252Mi,100m,300Mi,8m,520Mi,100m,300Mi,8m,480Mi,100m,300Mi,8m,527Mi,100m,300Mi,12m,501Mi,100m,300Mi,8m,502Mi,100m,300Mi,8m,555Mi,100m,300Mi,8m,531Mi,100m,300Mi,5m,188Mi,100m,300Mi,7m,495Mi,100m,300Mi,8m,499Mi,100m,300Mi,8m,577Mi,100m,300Mi,8m,623Mi,100m,300Mi,8m,538Mi,100m,300Mi,7m,610Mi,100m,300Mi,8m,549Mi,100m,300Mi,7m,526Mi,100m,300Mi,8m,618Mi,100m,300Mi,9m,574Mi,100m,300Mi,110m,1005Mi,100m,300Mi,8m,557Mi,100m,300Mi,4m,46Mi,100m,300Mi,8m,560Mi,100m,300Mi,8m,572Mi,1229m,3000Mi,54m,714Mi,100m,300Mi,8m,596Mi,100m,300Mi,8m,506Mi,100m,300Mi,7m,496Mi,100m,300Mi,8m,521Mi,100m,300Mi,8m,503Mi,100m,300Mi,8m,532Mi,2488m,3000Mi,55m,695Mi,100m,300Mi,7m,481Mi,100m,300Mi,8m,569Mi,100m,300Mi,8m,595Mi,1728m,3000Mi,52m,705Mi,100m,300Mi,4m,90Mi,100m,300Mi,8m,591Mi,100m,300Mi,8m,568Mi,100m,300Mi,7m,482Mi,100m,300Mi,8m,609Mi,100m,300Mi,8m,569Mi,50m,100Mi,48m,63Mi,100m,300Mi,8m,613Mi,100m,300Mi,8m,467Mi,100m,300Mi,4m,61Mi,100m,300Mi,9m,588Mi,0.006171880640625325,N/A,503521280.0,N/A,0.007976550502067102,N/A,553234432.0,N/A,0.008222535294814688,nan,556583594.6666666,0.0,0.008690515317260483,N/A,587621717.3333334,N/A,0.008545825469077714,nan,748003328.0,0.0,0.008106899098831617,N/A,625145173.3333334,N/A,0.00660488685142331,N/A,546940245.3333334,N/A,0.0063039249999974345,nan,728522752.0,0.0,0.008926728839438333,nan,736770730.6666666,0.0,0.007796193834742945,N/A,595737258.6666666,N/A,0.007986987301944548,N/A,639004672.0,N/A,0.002806568213931033,nan,65751040.0,0.0,0.00837338580740363,N/A,642124458.6666666,N/A
