timestamp,ts-auth-service-latency,ts-auth-service-workload,ts-route-service-workload,ts-price-service-memory,ts-preserve-other-service-cpu,ts-price-service-cpu,ts-travel-service-memory,ts-payment-service-memory,ts-train-service-cpu,ts-travel-service-cpu,ts-preserve-service-memory,ts-route-service-latency,ts-notification-service-memory,ts-payment-service-cpu,ts-ui-dashboard-latency,ts-route-service-cpu,ts-notification-service-cpu,ts-user-service-cpu,ts-ui-dashboard-workload,ts-order-service-memory,ts-travel-service-latency,ts-user-service-workload,ts-travel-service-workload,ts-preserve-service-cpu,ts-order-service-cpu,ts-auth-service-cpu,ts-ui-dashboard-cpu,ts-user-service-memory,ts-route-service-memory,ts-preserve-other-service-memory,ts-ui-dashboard-memory,ts-auth-service-memory,ts-train-service-memory,ts-user-service-latency
20/03/2025 15:25:43,4.6,0.166838155052226,0.9993760632365561,637392896,0.008196817356670431,0.010123748841523653,641031168,622994432,0.01066552029282779,0.01080810697702161,542812160,41.93822692151281,629486592,0.010217876631326082,45.880102040816325,0.08468498370518787,0.01029002900053891,0.01619156427221032,1.337037037037037,636321792,NaN,0.6451426471570789,0,0.0100268068020809,0.010432766648864923,0.011921293787836067,0.03137145245842363,691572736,715260928,536679765.3333334,54771712,647923712,673589248,8.55234335723886
20/03/2025 15:26:13,4.6000000000000005,0.17777777777777776,0.9675213675213674,637616128,0.010181849415922598,0.010172387506181706,641062912,623106048,0.010750328970151221,0.010766207665060293,542765056,41.763698630137,629522432,0.010076923076923764,45.755208333333336,0.06326267400726614,0.007962440247263738,0.046484098558732284,1.3074074074074076,637793280,NaN,0.6055555555555555,0,0.00991563815007725,0.01205654774265821,0.011671432386354125,0.031147121573091227,691650560,715647658.6666666,536585557.3333334,54743859.2,647849984,673269760,8.694444444444443
20/03/2025 15:26:43,4.6,0.17407407407407405,1.0017094017094015,637775872,0.010237108116026484,0.01009844309273405,640996352,623361024,0.010231083653737288,0.010625545579955728,542735360,42.35294117647058,629525504,0.010333234339115498,46.31009615384615,0.08406729404572352,0.0086572731641095,0.014159274570497557,1.3777777777777775,639019008,NaN,0.5611111111111111,0,0.009929409730481271,0.010424866514111153,0.01151744312615535,0.03171744359806267,691503104,715617280,536450048,54747136,647898453.3333334,673166950.4,7.958333333333334
20/03/2025 15:27:13,4.6,0.1259259259259259,1.0512820512820513,637822976,0.010163054718264668,0.0086496960181573,641032192,623465813.3333334,0.010612577236241788,0.01043141408450717,542738432,41.64244186046513,629230250.6666666,0.010362577665005828,46.116279069767444,0.08694398013276602,0.010049447743087797,0.014123273784044073,1.3592592592592592,639963136,NaN,0.4888888888888888,0,0.010175088591285806,0.014325414254338616,0.011730466348547276,0.03188762288348843,691363840,715558912,536262656,54725290.66666667,647867050.6666667,673219379.2,8.517857142857142
20/03/2025 15:27:43,4.6,0.1185185185185185,1.0735042735042735,637805568,0.010258430525019372,0.010092402834834613,641294336,623372970.6666667,0.010248959633787821,0.010373661943113113,542753792,41.933701657458556,629193728,0.008499056715910842,45.983796296296305,0.06020884928190307,0.010260265993595221,0.01351157313172356,1.3777777777777775,640804864,NaN,0.5111111111111111,0,0.009971826362334605,0.014947131608549205,0.011174568228451396,0.02484453895639178,691309226.6666667,715629909.3333334,536190976,54767616,647892992,673210368,8.446428571428571
20/03/2025 15:28:13,4.6,0.14814814814814814,1.0974358974358975,637977395.2,0.010194388327720306,0.010237049885267595,641123669.3333334,623390720,0.007984532728035244,0.011028558616633662,543962112,41.020710059171606,629244928,0.01002613096872941,46.29504504504505,0.08719486506819117,0.010581226662088588,0.014145238376206218,1.4444444444444446,642129920,NaN,0.4944444444444444,0,0.011253236713174885,0.010306995030853614,0.011967073170728735,0.033671499361231226,691452586.6666667,715825152,536199168,54802022.4,647902208,673402880,8.566666666666666
20/03/2025 15:28:43,4.6,0.1296296296296296,1.0735042735042735,638138368,0.008128025475335504,0.010265882001639432,640749568,623288320,0.010634176736318491,0.010442755691241527,546631680,41.850828729281766,629190656,0.010256166371108252,46.357466063348426,0.061121829592199584,0.010626576772512133,0.013836813942254408,1.3962962962962964,642268160,NaN,0.5,0,0.011421782877975031,0.010288271261809652,0.011355457254100938,0.03308053608754357,691488358.4,715930282.6666666,536165034.6666667,54814310.4,647829913.6,673403904,8.413793103448276
20/03/2025 15:29:13,4.6,0.16296296296296295,1.0170940170940168,638047573.3333334,0.010063537726234207,0.00961332603639631,640620544,623193088,0.007642919852680547,0.01049625368252637,547672064,41.54907975460124,628680704,0.0101490767689273,46.470588235294116,0.08451817215728298,0.029304933543592978,0.030384080131184057,1.333333333333333,640346521.6,NaN,0.5,0,0.0083960449363922,0.010229101246771694,0.011327479855514364,0.02094187500000544,691616768,715896832,536165376,54811306.666666664,647860224,673375573.3333333,9.384615384615385
20/03/2025 15:29:43,4.6,0.17037037037037037,1.0085470085470083,638054400,0.010231792594324798,0.009863743342007642,640583680,623194112,0.010378142050462379,0.008150138581438255,548058453.3333334,43.93465909090909,628342784,0.010206249525208145,46.90758293838863,0.08799539897461946,0.010379466805116576,0.011292928191411004,1.348148148148148,637296640,NaN,0.4555555555555555,0,0.009739367383264357,0.010422560988292275,0.011843396063285596,0.030255202682710657,692026368,715355477.3333333,536255488,54824960,648017237.3333333,673516202.6666666,8.553571428571429
20/03/2025 15:30:13,4.6000000000000005,0.12962962962962962,0.9927438958546714,637983744,0.01002894842241462,0.010112766779748868,643081011.2,623184896,0.010303771418667888,0.011561775651248957,548519936,41.75528672000547,628538026.6666666,0.01022431288771608,45.932432432432435,0.07828838538859613,0.007887453190706438,0.011560002995429327,1.322222222222222,632220330.6666667,NaN,0.6388888888888887,0,0.010015546071215386,0.010268654720508488,0.010947983936616548,0.031026973650018455,692023296,715350016,536466432,54846464,648325802.6666666,673304576,8.32857142857143
20/03/2025 15:30:43,4.6,0.15555555555555553,1.0119658119658117,637971456,0.009939097486834629,0.01008307489145545,644822016,623253504,0.009982964154602673,0.010254666637626033,549094400,42.19512195121952,628686848,0.0085430285919442,46.302325581395344,0.07973863103169583,0.010158170819404832,0.013777186635454988,1.3592592592592592,632213504,NaN,0.5055555555555555,0,0.010135388508654263,0.008386587884807442,0.011225189177420398,0.03227663677267107,692041045.3333334,715638784,536598528,54819498.66666667,648394069.3333334,673118890.6666666,8.020833333333334
20/03/2025 15:31:13,4.6,0.1444444444444444,1.0324786324786324,637941077.3333333,0.0104184006801835,0.007672059298599762,645312512,623263744,0.00718914091849877,0.010436001146536525,549362346.6666667,44.00568181818183,628761941.3333334,0.010181006459238641,47.40610328638497,0.07916838512145155,0.010157869742197043,0.01431690728736858,1.3962962962962961,632242176,NaN,0.5666666666666665,0,0.009886045379297447,0.010075211505924777,0.011060869183877699,0.03236965553625516,692123648,715496106.6666667,536676352,54883328,648544256,673247232,8.17857142857143
20/03/2025 15:31:43,4.6,0.0962962962962963,1.087179487179487,637401770.6666666,0.010262015182523572,0.009890679407239589,645805056,623221760,0.010424399322374663,0.010599392197509865,549470208,44.243589743589745,628757845.3333334,0.009954433497538185,48.00742574257427,0.08821133806663248,0.006212775000000193,0.014131896089982424,1.4185185185185183,632414208,NaN,0.5275865514867535,0,0.007076826111731391,0.01013841912163956,0.010956797766720395,0.03188932841459746,692231168,715788288,536759296,54896640,648829952,673206272,8.484923580422375
20/03/2025 15:32:13,4.6,0.11111111111111109,1.0683760683760681,637429760,0.009921479849895045,0.010166695490092338,645687296,623248179.2,0.010122004085899102,0.010727721890860695,549491712,42.23529411764706,628772864,0.010014691500224293,46.58333333333334,0.08452244189152915,0.010172385764498252,0.013762048192770803,1.362962962962963,632649728,NaN,0.5,0,0.00975054501600055,0.008923344655909467,0.009286673119837632,0.032435271751863615,692364288,716105045.3333333,536769536,54833152,649129984,673242112,8.8875
20/03/2025 15:32:43,4.7125,0.12222222222222222,1.0478632478632477,637845504,0.01018481240363224,0.010342802619594764,645311488,623260672,0.010003560855431175,0.010269780068458622,547695820.8,43.15860215053763,628823040,0.010239698145548452,46.154761904761905,0.07871744775989428,0.010150681204608842,0.016094684415138852,1.3592592592592592,632677376,NaN,0.5444444444444443,0,0.009841998001999175,0.010272565047201554,0.01115551581325079,0.0313635306431035,693031936,716724224,536792064,54901418.66666667,648990720,673425408,8.469696969696969
20/03/2025 15:33:13,4.683720930232559,0.17777777777777776,1.034188034188034,638083072,0.010283879354025655,0.007560478215434089,645369856,623285589.3333334,0.010372651309848597,0.00822280487432264,546508800,43.144329896907216,628867072,0.010107783115990353,46.116279069767444,0.07713912667764532,0.01016147582462923,0.015639302723882222,1.3555555555555552,632571904,NaN,0.5277777777777777,0,0.007925562399550373,0.009889708331350935,0.008773526878514728,0.02255432932173011,694506837.3333334,717154986.6666666,536844288,55010645.333333336,649065813.3333334,673560576,8.416666666666668
20/03/2025 15:33:43,4.6,0.18888888888888886,1.035897435897436,638182400,0.009786947721988907,0.009889871280862217,645670912,623285248,0.010258298389308248,0.010273723510906956,543696896,42.69329896907216,628801536,0.008902038567969133,46.12385321100918,0.08281381634372986,0.010203000150764892,0.010084627649523241,1.3925925925925924,632824627.2,NaN,0.47777777777777775,0,0.009680523348579035,0.010082995161543384,0.00878609547977168,0.032090305068258135,696594432,717285376,536912896,54930432,649060352,673523712,8.612903225806452
20/03/2025 15:34:13,4.6,0.16666666666666666,1.0648556450397613,638178918.4,0.009946941607060734,0.010228954714934055,641705301.3333333,623271936,0.01294280546372803,0.01062076379896111,542733312,41.24179553706004,628633600,0.010195010893243078,45.8375,0.08080050206427791,0.010351737042633194,0.022941904189751006,1.3814814814814813,633072640,NaN,0.47222222222222215,0,0.009266830425912552,0.007888209837736854,0.011339393012429345,0.03181156259048192,697030656,717195264,536918016,54906880,649049429.3333334,673501184,8.76388888888889
20/03/2025 15:34:43,4.794594594594594,0.1333333333333333,1.1076923076923078,638070784,0.009870791744205652,0.008411659775946217,639576064,623340544,0.010227234706964447,0.010429181245625849,542800554.6666666,40.49019607843138,628630528,0.010349131754191172,45.92857142857143,0.07857925681424995,0.010260179483502689,0.022665808868943826,1.4296296296296291,633316693.3333334,NaN,0.42222222222222217,0,0.007958261580596697,0.010282365440693018,0.03228224005497364,0.03283574269182195,697648128,716515328,536886272,54940467.2,648599552,673447936,9.046875
20/03/2025 15:35:13,4.697297297297297,0.14074074074074072,1.0837606837606837,638007978.6666666,0.010192479554840808,0.00620567499999538,639614976,623473664,0.008528935598868238,0.010541747295950319,542766080,43.617511520737324,628638720,0.010289263190278345,46.204128440366965,0.08935559744654796,0.010026470933643608,0.0128010463333197,1.3740740740740738,633457664,NaN,0.4388888888888888,0,0.00995822089665349,0.010472667874963388,0.011388876261476631,0.03298572198275206,698007552,716364800,536889344,54976512,647857152,673346901.3333334,8.480769230769232
20/03/2025 15:35:43,4.6,0.1742700608004276,0.9788406288706949,638085120,0.010069427553396092,0.010417727191253116,639641600,623606442.6666666,0.010121652332787164,0.004993266666663961,542750720,42.766067985271945,628809728,0.010091384483495334,46.01990049751244,0.07921815513798049,0.010724582390341417,0.014478874907481853,1.3296296296296293,633550848,NaN,0.5728469299124741,0,0.009841338168206289,0.010083236658933946,0.011717643135073426,0.027033859333630686,697999360,716699648,536893440,55033856,647562240,673610410.6666666,8.423559375
20/03/2025 15:36:13,4.6,0.15555555555555553,0.94017094017094,637846528,0.010388928278228602,0.010111880211970228,639658666.6666667,623632384,0.010446811238115852,0.01075958750299812,542808473.6,40.86267605633804,628842496,0.007379644080259784,45.71808510638298,0.059204134843990654,0.01018577075098691,0.014483607248205183,1.3111111111111113,633562112,NaN,0.6333333333333333,0,0.009922170868829806,0.010101036935468734,0.011429696266203443,0.030405192942187638,698187776,716749482.6666666,536909824,54882304,647559577.6,673568768,8.666666666666668
20/03/2025 15:36:43,4.6,0.15925925925925924,0.9978861445166928,639353651.2,0.011841691503605496,0.012202790045303204,639803392,623619072,0.00888202603661013,0.010820369092790575,542783897.6,41.2887795493407,628649984,0.010435709328842196,46.03658536585366,0.08004684440033925,0.010247582504893736,0.014936510955569108,1.3333333333333333,633634816,NaN,0.4888888888888888,0,0.01005703435547978,0.010621774537186716,0.010276226649783515,0.03112545130279808,697148416,716739925.3333334,539011072,54865920,647575552,673411072,8.85897435897436
20/03/2025 15:37:13,4.6,0.16296296296296295,1.0324786324786324,641406566.4,0.010332706831156072,0.011650768714808867,639978496,623733145.6,0.010656907433380929,0.010632863792507406,542753792,41.40522875816994,628645888,0.010027877888489129,46.0841836734694,0.07933123497768449,0.010688213922393337,0.01237984944803842,1.3925925925925926,633581568,NaN,0.5277777777777777,0,0.00822261172401985,0.01017491795759053,0.01121524858191686,0.03216974774815626,694958762.6666667,716926976,541106176,54913024,647580330.6666666,673483434.6666666,9.013157894736842
20/03/2025 15:37:43,4.6,0.21481481481481482,1.0837606837606835,643564885.3333334,0.009767289745976479,0.024057053423468665,640046421.3333333,623771648,0.010353201116374727,0.00875004930987567,542649344,41.83431952662722,628674560,0.007870518196962365,46.22767857142857,0.0860869599433459,0.010164152194086519,0.013159288333287236,1.4296296296296296,633673045.3333333,NaN,0.4333333333333333,0,0.009838386507251988,0.007294165652785133,0.01660762614571062,0.024983183090735547,693161984,716966570.6666666,541106176,54920533.33333333,647588864,673392640,8.633333333333333
20/03/2025 15:38:13,4.6,0.1592592592592592,1.1076923076923078,645510485.3333334,0.01015860970190004,0.007689780163681645,640090112,623763456,0.010360238018813013,0.010669695068391792,542461952,42.8125,628697497.6,0.010541907589725789,46.46551724137931,0.07359693602591369,0.009907105738398808,0.013427918511228727,1.4481481481481477,633785344,NaN,0.47777777777777775,0,0.009722573863765521,0.010323556679306635,0.011436664769185582,0.03312054224918324,692191232,717254656,541097984,54876842.66666667,647681365.3333333,673336320,8.629032258064516
20/03/2025 15:38:43,4.6,0.17777777777777776,1.0564102564102562,645711872,0.01002087164602383,0.01007975768709561,640082944,623774720,0.010065399319932692,0.010576551663593423,542355456,42.48502994011976,628537344,0.01038183216301951,46.017587939698494,0.08181238526780044,0.010186882918986465,0.013554360320482592,1.3740740740740738,633311232,NaN,0.44999999999999996,0,0.00744139728757946,0.010320110564849057,0.01167428531971005,0.03215206315034318,691627622.4,717473792,541119488,54888448,647744170.6666666,673583923.2,8.742424242424242
20/03/2025 15:39:13,4.6000000000000005,0.2259259259259259,1.0512820512820513,645722112,0.010177553544323707,0.00997147854431567,640121856,623882240,0.010553700625161,0.010506611454522325,542360917.3333334,42.101910828025474,628045141.3333334,0.010313891487370799,45.99740932642487,0.0773692282591033,0.007038346927516735,0.007860624999995026,1.3925925925925924,632788992,NaN,0.3722222222222222,0,0.009583695798392513,0.01023535111193321,0.012224366548507124,0.03165989306922167,691765248,716967936,541275477.3333334,54997811.2,647773184,673620992,8.386363636363637
20/03/2025 15:39:43,4.6,0.19999999999999996,1.0666666666666667,645550080,0.010179503120443722,0.010350540851551873,640193877.3333334,623869132.8,0.008114582802392151,0.007768882595078042,542333610.6666667,42.19298245614034,628052992,0.0104971945701358,45.92639593908629,0.0872171997806661,0.010258967780135452,0.01289552879558732,1.3555555555555552,632655052.8,NaN,0.3722222222222222,0,0.007514397841736385,0.010316092289150846,0.011837534727896965,0.026491223791658153,691729749.3333334,717452288,540577792,55026688,647839744,673366016,8.5625
20/03/2025 15:40:13,4.6,0.14444444444444443,1.1111111111111112,642628266.6666667,0.009876237717488306,0.007865705715043263,640305834.6666666,623862579.2,0.010030599617503378,0.010492532902963984,542348288,41.30681818181819,628074086.4,0.010562674355469993,45.64858490566037,0.08867739550169296,0.010253609452780135,0.012954346820209866,1.4037037037037035,632652800,NaN,0.37777777777777777,0,0.009819240455324571,0.010501170401840815,0.011731984606148932,0.032406494124036934,691694250.6666666,718830592,540228608,55020202.66666667,647854080,673491968,8.899999999999999
20/03/2025 15:40:43,4.6,0.16296296296296295,1.1162393162393163,641443840,0.010179005546595095,0.010022784810130312,640424960,623905450.6666666,0.008042156857006546,0.00924611457505171,542355456,42.354497354497354,628086784,0.010041431885981516,46.32701421800948,0.08493781217242143,0.010366594217215747,0.008742375000002767,1.3888888888888888,632827904,NaN,0.4277777777777777,0,0.009562490931780365,0.007556072534898009,0.008416182871069277,0.03219681098696316,691843072,719652181.3333333,539633664,54931456,647864320,673393322.6666666,9.453125000000002
20/03/2025 15:41:13,4.6,0.14814814814814814,1.052991452991453,640204800,0.009829769274053907,0.010378207658900726,640566272,623798954.6666666,0.010161718357920159,0.010245476174885101,542356821.3333333,42,628094976,0.0075620209151972505,45.97989949748744,0.06876494288900908,0.008520905576974868,0.022554112473794668,1.3814814814814813,632744960,NaN,0.45555555555555555,0,0.009923978717645481,0.010076970362240284,0.011425126036057743,0.03111261702704577,691746406.4,720281600,538335914.6666667,54736896,647875584,673138005.3333333,9.306451612903224
20/03/2025 15:41:43,4.6,0.17407407407407405,1.0735042735042732,637515776,0.007545344312459778,0.010336052202281211,640643072,623796224,0.010250044107269403,0.010239623832109641,542357504,42.42857142857143,628135936,0.010385839177636677,46.1576354679803,0.08280250864416033,0.010441630242177287,0.011233377245779629,1.3814814814814813,632772608,NaN,0.3833333333333333,0,0.010104799772792732,0.010282578814347909,0.011460864633225754,0.03202677022226585,691723264,720687104,537262762.6666666,54777446.4,647885824,673372842.6666666,8.620000000000001
20/03/2025 15:42:13,4.6,0.15555555555555553,1.0358974358974358,636184166.4,0.009583201761676471,0.0097959551822935,640662186.6666667,623788851.2,0.007748538306646462,0.010017108570502533,542359552,40.625,628316842.6666666,0.010466171259129887,45.3779069767442,0.0872746595700609,0.010058368194882473,0.01372593192139927,1.3555555555555554,632957952,NaN,0.5111111111111111,0,0.009800124590466513,0.010017191127795614,0.011565704740762356,0.031703105099829314,691737600,721131110.4,537367552,54841344,647923712,673449301.3333334,8.466666666666667
20/03/2025 15:42:43,4.6,0.11111111111111109,1.1094017094017092,636020326.4,0.010075460934053908,0.009946582551901482,640693589.3333334,623788032,0.012409010105933323,0.010815722484494177,542422016,40.72058823529413,628346880,0.010049671170634177,45.829207920792086,0.08656992347786772,0.00994922210821684,0.01081594445363008,1.3740740740740742,633004032,NaN,0.41111111111111104,0,0.009906525687597915,0.010558870504057988,0.01142753895250466,0.03186101539169379,691616768,721507328,537326592,54885034.66666667,647925760,674025472,8.456521739130434
20/03/2025 15:43:13,4.6,0.137037037037037,1.015384615384615,635800234.6666667,0.008306054692011526,0.008308875560912152,640716800,623792128,0.01062472954932231,0.010194692343822668,542469120,43.50931677018634,629581141.3333333,0.007358916912290127,46.5521978021978,0.0913182276915066,0.01244007974828906,0.013757361826622846,1.344444444444444,632923136,NaN,0.5111111111111111,0,0.00953624113208941,0.01057596808583712,0.011364958742377711,0.030214438566250137,691619840,721812138.6666666,537303040,55002453.333333336,647873877.3333334,674703360,8.578125000000002
20/03/2025 15:43:43,4.6,0.17037037037037037,0.9623931623931623,635722752,0.010029146379596846,0.02683296598186493,640704512,623794176,0.010193382229438799,0.007701521793589672,542399488,42.531249999999986,631205888,0.010071208257434294,46.432748538011694,0.06090436073668941,0.010174761753068603,0.013900896049629269,1.3148148148148144,632869683.2,NaN,0.5666666666666665,0,0.00963666557991731,0.01027041433539862,0.011343054489638685,0.03038087892013272,691677184,721588224,537376768,54938624,647908556.8,674833408,8.71951219512195
20/03/2025 15:44:13,4.6,0.1849798801018313,1.0085470085470085,635509964.8,0.01003557837957482,0.024131136551155567,640715434.6666666,623807488,0.010125827264994103,0.0077394403515811915,542351360,42.171428571428564,632116224,0.00994308847227035,45.642076502732245,0.08158920507629829,0.008326878682773884,0.011652293871687607,1.3518518518518519,632875417.6,NaN,0.5055555555555555,0,0.01003705561351103,0.010302451339962913,0.011981138423368443,0.03059026360807502,691729749.3333334,720032768,537135104,55007232,647913472,675159040,8.636363636363637
20/03/2025 15:44:43,4.6000000000000005,0.22962962962962963,1.0324786324786321,635138048,0.010060047669083206,0.009877790161764028,640775509.3333334,623819776,0.010570662108585377,0.010271343777366434,542516565.3333334,42.13888888888889,632342118.4,0.010247943571609353,45.80357142857143,0.08347531601929886,0.010110464608341118,0.011982502627136798,1.3925925925925924,632770560,NaN,0.45555555555555555,0,0.007803197373829235,0.01009916057925967,0.011818354609926543,0.03316346545958355,691782656,719099904,536991061.3333333,56494762.66666667,648071850.6666667,675705856,8.616666666666667
20/03/2025 15:45:13,4.6,0.18806905226886725,1.136704019590236,635121664,0.009873303279502841,0.010013035493875512,640776192,623819776,0.0105158766895055,0.010590308908635764,542513834.6666667,42.30959742763737,632670208,0.010309462012835302,45.67307692307692,0.08794377270954322,0.009999072488584058,0.0129920663704812,1.4185185185185183,632635392,NaN,0.4481307725063507,0,0.009524914659586162,0.01027644782977212,0.0117160624759,0.023774629960159985,691854336,718860288,536986965.3333334,59472554.666666664,647902549.3333333,676326400,8.774406782318312
20/03/2025 15:45:43,4.6,0.1259259259259259,1.0307692307692309,635154432,0.010087806159564658,0.010307012899498941,640771413.3333334,623850496,0.01019940010983579,0.010499360104314357,542349312,41.01226993865031,632355498.6666666,0.010596859892861668,45.19553072625699,0.07916634433104487,0.008831791133217515,0.0141087876638672,1.3740740740740742,632758272,NaN,0.6055555555555555,0,0.009928738317755934,0.010532820479102926,0.008854308139934344,0.03129288356999769,691763200,717820928,536904704,59696469.333333336,647368704,676639744,8.75
20/03/2025 15:46:13,4.6,0.1333333333333333,0.9846153846153844,635132928,0.01021709909346924,0.010524178601519336,640778240,623880192,0.010624889080104255,0.008062981497297539,542287872,40.890410958904106,632218624,0.010357951886175316,45.8678756476684,0.07607123610306923,0.010101722632076995,0.013991099989115146,1.2888888888888885,632875008,NaN,0.5666666666666665,0,0.010064597283699865,0.010322194321033493,0.013557316105635112,0.017647566666664716,691673088,717150208,536911872,59951104,648635392,675042645.3333334,8.717948717948719
20/03/2025 15:46:43,4.6,0.12543644966552456,1.0565985165104108,635089920,0.007394702817003536,0.010601616892636532,640814080,623848448,0.008432032299238997,0.010316021704130736,542232576,40.366838410316674,630960128,0.010519151381029213,46.02864583333334,0.08517228791182635,0.010690181252683228,0.03566560754861927,1.377777777777778,632827904,NaN,0.442486539402839,0,0.010026258643351812,0.010519803947539746,0.013191041602055238,0.03789674613884283,691810304,717047125.3333334,536935082.6666666,60573013.333333336,651131904,671797248,9.247144670050762
20/03/2025 15:47:13,4.6,0.1333333333333333,1.0717948717948715,635081728,0.010146802194835642,0.010403268358419487,640861525.3333334,626444288,0.010268335195533891,0.03429282517292682,542233941.3333334,41.18589743589744,628112042.6666666,0.012297726733016167,46.26302083333334,0.08780720794513447,0.010453795580445735,0.03377633795225644,1.3740740740740738,632735744,NaN,0.38888888888888884,0,0.00850070049945391,0.01049933623254446,0.011643305276283825,0.03701830541270055,692129792,717395968,536941568,61423616,652701696,671818752,9.440000000000001
20/03/2025 15:47:43,4.6,0.137037037037037,1.0803418803418803,635103232,0.010313854087355061,0.010728933278420089,640880640,629071872,0.010354034151334169,0.010348835769133766,542268416,43.866459627329185,628093952,0.00999308835960327,46.73796791443849,0.06754256539639215,0.010144428947780103,0.012763263312165526,1.3666666666666667,632800256,NaN,0.35,0,0.009691266048166319,0.010346278628247432,0.009445767485036626,0.03173028346171033,692285440,717600768,536830771.2,62758912,653225984,671811584,8.475000000000001
20/03/2025 15:48:13,4.6,0.11481481481481479,1.1282051282051282,635105280,0.01636703711936004,0.010299689684972895,640879274.6666666,629098086.4,0.010130098617648743,0.0073016385380557354,542267392,44.491978609625676,628152729.6,0.010307226903233525,46.96969696969697,0.091738451782844,0.010052226412483916,0.012300896202640008,1.4111111111111112,632878080,NaN,0.38888888888888884,0,0.00961142482251263,0.0101616963321268,0.011904139900070429,0.03202346183126757,692329472,717363200,536760320,62947328,654308693.3333334,671810560,8.711538461538462
20/03/2025 15:48:43,4.6,0.14814814814814814,1.0222222222222221,635125760,0.010237157987648382,0.010439401091326088,640811008,629209088,0.01023699121837048,0.010745208956183026,542262272,43.368421052631575,628472217.6,0.010398796239941584,46.22474747474748,0.07483257828773952,0.010332566592337158,0.013322136661354948,1.3296296296296297,632914944,NaN,0.45555555555555555,0,0.009701287423198023,0.010424538375975095,0.012189578527990963,0.030417968231494293,692430848,716621824,536761685.3333334,61034496,654806016,671811584,8.803030303030305
20/03/2025 15:49:13,4.6,0.15185514417924745,0.9572862307650519,635509418.6666667,0.010628933266156102,0.01091913021459665,640995328,629138773.3333334,0.010594939058340564,0.010886197049022155,542851072,43.24075454553577,629033642.6666666,0.010806359134742352,45.80687830687832,0.07452606890798917,0.011032633969613069,0.014878037992363868,1.337037037037037,633455616,NaN,0.5666792598189548,0,0.010160257111003091,0.011186634937591448,0.011691341832703078,0.030909862357385954,692864000,716815360,537287680,57072640,655054848,672885760,8.717972255175802
20/03/2025 15:49:43,4.6,0.15185185185185185,1.034188034188034,636148394.6666666,0.009991950478970257,0.010125189132293181,641063594.6666666,628557824,0.00994621453632198,0.010391971272142886,543434752,43.153846153846146,629455530.6666667,0.010677331401223341,45.51315789473685,0.07632470079881844,0.00837874873280252,0.01400750004758937,1.3925925925925926,634055680,NaN,0.5111111111111111,0,0.009971497764531026,0.010557722997206066,0.011244469399210972,0.03116774342000116,693231616,717367978.6666666,537814016,55048192,655116970.6666667,673933312,8.327586206896552
20/03/2025 15:50:13,4.6,0.18518518518518515,1.0905982905982905,636684288,0.010116608353378586,0.010536886081109696,640747520,628164608,0.010471136112135435,0.010948959787526408,544015360,43.872340425531924,629456076.8,0.010671502444718796,45.84862385321101,0.08753291163910773,0.010418540781427692,0.013819589715186351,1.4559268045732359,634114048,NaN,0.4888888888888888,0,0.009893109210654864,0.010516674100696208,0.009793803716553817,0.033816410066813025,693608448,717429145.6,538262732.8,55421610.66666667,654056448,673920341.3333334,8.636363636363637
20/03/2025 15:50:43,4.6,0.17037037037037037,1.0905982905982905,637209600,0.010184537060691178,0.00919050512295277,640865621.3333333,628455424,0.010504739065891262,0.007155830388214982,544550912,41.97916666666667,629530624,0.010452269479079236,45.80568720379147,0.08805269737305421,0.008425501389036368,0.010023957504522694,1.4407407407407404,633939285.3333334,NaN,0.46666666666666656,0,0.00969928779733028,0.010511943682769559,0.012028500871095006,0.03061971411554332,694327978.6666667,717604454.4,538668032,56165717.33333333,652688588.8,673942186.6666667,8.727272727272728
20/03/2025 15:51:13,4.68780487804878,0.17407407407407405,1.0735042735042735,637188505.6,0.007665689848727681,0.010285050956827428,641236992,626305024,0.010542912720978497,0.010468497962015164,544523264,43.5929648241206,629821440,0.010475786006806567,46.469194312796205,0.04168629999999213,0.01029823684774152,0.013885055193888357,1.362962962962963,634209280,NaN,0.4444444444444444,0,0.009701060377530253,0.010873973537856461,0.025534814252862983,0.03080080023932742,694390784,717854037.3333333,538935296,56288870.4,651154773.3333334,673847296,8.7
20/03/2025 15:51:43,4.784615384615385,0.15555555555555553,1.052991452991453,637186048,0.009622791334834872,0.00995755821660523,641716224,623901696,0.010080885893115558,0.010510463479958602,544527701.3333334,42.63636363636363,629869226.6666666,0.009827387631530146,46.32198952879581,0.08431312204742727,0.010368923905907037,0.014814972458686052,1.3555555555555554,634626048,NaN,0.44999999999999996,0,0.008409060539045837,0.01059448328185326,0.008450532511403855,0.03050104461583884,694089728,718019242.6666666,538873856,56532992,651479722.6666666,673812480,8.537037037037038
20/03/2025 15:52:13,4.6,0.15185185185185185,1.0222222222222221,637184682.6666666,0.009944142198598202,0.008167634534810298,641860949.3333334,623933440,0.010305654408856463,0.007879931640682084,543757653.3333334,43.29842931937172,629948416,0.010164700478657087,46.61434977578476,0.08918577229658836,0.010356841710776842,0.013900167504185984,1.3777777777777775,634722986.6666667,NaN,0.538888888888889,0,0.014647591301634755,0.010867750244248665,0.011983379918295766,0.031897969308102465,693547008,718217216,538911744,56451072,650784768,673916928,8.545454545454545
20/03/2025 15:52:43,4.6,0.16296296296296295,0.988034188034188,637068288,0.008724908579886287,0.010143712693203851,642094421.3333334,623943680,0.01081979239834439,0.010291127501724858,542770176,43.21608040201005,629785600,0.010402085362084989,46.486175115207374,0.07697204535807661,0.010766344867138719,0.013906379841843716,1.3444444444444443,634799104,NaN,0.527957778321362,0,0.010000338900991298,0.010461196675644187,0.011519020691427954,0.022181101695555972,693544277.3333334,717348864,539160576,56016896,648868864,673315498.6666666,8.787115901736222
20/03/2025 15:53:13,4.6,0.17037037037037034,0.9777777777777777,636793856,0.009935999782034674,0.010459549098606679,641725440,623996928,0.010220519211902424,0.010329116055831245,542183424,44.55307262569832,629242880,0.010213575341495622,46.810810810810814,0.08584857075913914,0.010353079087219198,0.021315179053479353,1.333333333333333,635526144,NaN,0.5555555555555556,0,0.009760501583674551,0.012502673163802179,0.011368764930478519,0.02960699623884018,693574314.6666666,716598272,537916757.3333334,56124757.33333333,647746560,672101717.3333333,8.871428571428574
20/03/2025 15:53:43,4.6,0.18498192864586796,1.0381830059339539,636659029.3333334,0.009847967544987849,0.010202367009802914,641064960,624168960,0.010673203135377361,0.010831818436852046,542199808,42.85237531916622,628965376,0.010013169009511711,46.27577319587628,0.08941672235215886,0.010015341759522631,0.013211800081744317,1.3555555555555552,637711701.3333334,NaN,0.46614226479522824,0,0.009908613706816354,0.007383819826093029,0.011873225390122854,0.02248831451123228,693420032,716156928,537113600,55663274.666666664,647737344,672304128,8.76334705882353
20/03/2025 15:54:13,4.6,0.16296296296296295,0.9777777777777774,636264448,0.010073680007984677,0.010364773678764653,640757760,624267264,0.010501775918176344,0.010572890103220036,542203904,42.27124183006535,628675584,0.010214134605922562,46.421052631578945,0.08522573396308214,0.010149703043040784,0.013823212478419155,1.3185185185185184,637784064,NaN,0.5055555555555555,0,0.00972334199498992,0.010353771513871582,0.011478595178717426,0.030488122081766916,693340842.6666667,716039168,537254912,55219541.33333333,647814144,672296140.8,8.632352941176471
20/03/2025 15:54:43,4.6000000000000005,0.25555555555555554,0.9743589743589742,635698176,0.010174909889157318,0.010440540404298003,640841728,624136192,0.010411501383806428,0.010579937234301787,542197760,42.19424460431655,628374186.6666666,0.010185112224154545,46.297297297297305,0.07881562113523373,0.010017841989597483,0.013754563495960229,1.3148148148148147,637954730.6666666,NaN,0.4444444444444444,0,0.00965098328310297,0.008873206228255203,0.009982865596177925,0.021670305618985915,693082112,716356608,537451178.6666666,54935552,647812096,672210944,8.718750000000002
20/03/2025 15:55:13,4.6,0.2222171195683484,1.035897435897436,635362304,0.009983462466656113,0.00863690115615619,640990208,624079872,0.010785061893171842,0.008628543838900287,542210048,43.813291139240505,628210346.6666667,0.01015015299745578,46.675392670157066,0.09166884989915482,0.007536097430936685,0.01359148678636023,1.362962962962963,638611456,NaN,0.4388888888888889,0,0.009865939254720985,0.010124494013080743,0.012398516996762088,0.031206997084550967,692720640,716621824,537739264,54895616,648545621.3333333,672381610.6666666,8.75
20/03/2025 15:55:43,4.6000000000000005,0.19259259259259257,1.01025641025641,635364352,0.010047065377567313,0.009857008973082892,641063936,624102400,0.0077774700309272,0.010365761881432678,542243840,46.84210526315789,627892224,0.010332467058770816,46.7741935483871,0.09297025932124872,0.010413788371821778,0.013531014945782837,1.3518518518518519,637421568,NaN,0.47777777777777775,0,0.009888710289554369,0.010278933935408619,0.011712370572208398,0.02716289522092791,692447232,716950528,537555968,54950912,648677376,672048469.3333334,8.5
20/03/2025 15:56:13,4.6,0.1259259259259259,1.0188034188034187,635345578.6666666,0.010656180258666745,0.01031826041278948,641156096,624031334.4,0.008620451426180578,0.011108602214433386,542286848,192.28813559322043,627737395.2,0.01024984917043864,195.62499999999994,0.3710084137687028,0.01044047918237281,0.013150254629626563,1.3037037037037038,636056576,NaN,0.41111111111111104,0,0.009754304706764716,0.01013106044361708,0.011282119882752488,0.030466036939816664,692084736,718533632,537198592,55072768,648431616,671851520,8.8
20/03/2025 15:56:43,4.6,0.08518518518518518,1.087179487179487,635354112,0.009987119041713654,0.007063304696936289,641261568,624025600,0.010425043337310973,0.010686470813501419,542381056,212.76649746192896,627716096,0.010154409478741362,212.61363636363637,0.5411265556753581,0.00854935750378617,0.014418311604848756,1.3814814814814813,636192768,NaN,0.45555555555555555,0,0.010301455688833432,0.008790798567337443,0.010878322736058278,0.03104032609989386,692065280,720077619.2,537169920,55043072,648437760,672029696,8.897435897435898
20/03/2025 15:57:13,4.6,0.1333333333333333,1.0529914529914528,635368448,0.010393001000589526,0.010216749826918281,641265664,623878144,0.010812372832092219,0.01044199673844332,542370816,218.7782805429864,627772074.6666666,0.008620830637843694,221.9298245614035,0.5424620773398078,0.01058185009461999,0.013545229590741458,1.348148148148148,635658240,NaN,0.41111111111111104,0,0.009990469848935972,0.010472370995979875,0.01190616496199852,0.03244513643980614,692183040,719794176,537174016,55098368,648213845.3333334,672000000,8.46
20/03/2025 15:57:43,4.6,0.15185185185185185,0.9675213675213674,635243178.6666666,0.009890461142645047,0.010134857765073786,641303552,623550464,0.010056128602545386,0.009062369454752231,542316544,218.04651162790697,627952640,0.009685032788997312,222.0625,0.5380219794100864,0.010326050379772083,0.013307511591963493,1.2814814814814814,634408960,NaN,0.5,0,0.009625753166369115,0.010237990667037743,0.011534290514738931,0.025208834592172245,692473856,719295829.3333334,537007445.3333334,55315456,648171520,671843942.4,8.314814814814817
20/03/2025 15:58:13,4.681818181818182,0.15925925925925924,1.01025641025641,635207680,0.010079648334387733,0.009969620253164398,641359872,623540224,0.010098456150384722,0.010892353758956473,542319616,213.7162162162162,627994624,0.010027178816312059,222.56097560975613,0.5395417450781699,0.010111395969490223,0.013375569845004268,1.3185185185185184,634408140.8,NaN,0.43348652528532,0,0.009607178979091798,0.010411282229428142,0.011416976066717025,0.031595318019644346,692621312,718792294.4,537075712,55411507.2,648176640,671784960,8.59221531538654
20/03/2025 15:58:43,4.720000000000001,0.1185185185185185,1.0068376068376066,635219968,0.009960335149412905,0.009824524016484294,641548288,623516330.6666666,0.01037186168717542,0.010295170957891939,543925248,214.97536945812803,627811328,0.007546433839648204,221.61073825503357,0.5401494445289875,0.01005087056614579,0.013561232045016414,1.2999999999999998,634346496,NaN,0.4888888888888888,0,0.011235965207161339,0.010442859963584013,0.011374821439662324,0.03148742488801432,692515840,718347264,537186304,55392256,648224768,671714304,8.625
20/03/2025 15:59:13,4.6,0.19629629629629627,1.0081257025325234,634914133.3333334,0.010020197912431661,0.01016075034195713,641676902.4,623564117.3333333,0.008567356219223192,0.009975178963270923,546566144,211.80483433889805,627747840,0.009843165843361227,218.87755102040813,0.4424913900065255,0.009780554479805734,0.02219792577406487,1.3111111111111113,634368000,NaN,0.38888888888888884,0,0.011529753705440812,0.01059385493120806,0.009154324967867666,0.025552616545806695,692860245.3333333,718206293.3333334,537315328,55420245.333333336,648365056,671682560,9.071428571428571
20/03/2025 15:59:43,4.6,0.20370370370370366,1.0222222222222221,634792960,0.009899332244423102,0.009654466774243229,641082368,623686656,0.009967136150232219,0.010725551133572854,548622336,214.58333333333337,627745792,0.009918345543346637,225.80357142857144,0.5414393311857717,0.009951022247520178,0.012671550032702929,1.311111111111111,634411008,NaN,0.3833333333333333,0,0.010000711329535977,0.010451789093410836,0.009922331400570838,0.025484090201110556,693428224,718457856,537506816,55324672,648586581.3333334,671765845.3333334,8.767857142857142
20/03/2025 16:00:13,4.6899999999999995,0.15555555555555553,1.0102564102564102,634796032,0.010031269704116011,0.009862337060221502,640453290.6666666,623869952,0.00997347209246855,0.010092082204874354,548727466.6666666,216.25000000000006,627788800,0.009759803085322328,221.58385093167703,0.5391074644749363,0.010416001067500898,0.01340544806099491,1.3296296296296293,634238293.3333334,NaN,0.5,0,0.007529960757860488,0.008598257350215062,0.012025640303969007,0.02367085236870889,693399552,718722048,537767936,55216128,648899242.6666666,671801344,8.842105263157894
20/03/2025 16:00:43,4.6,0.14074074074074072,0.9863247863247863,634787157.3333333,0.010131000157381952,0.010047935548843891,640451925.3333334,623962112,0.007609110807499628,0.01046386188887268,549522090.6666666,206.11702127659578,627884032,0.01938025993649032,214.81617647058823,0.5397218097969674,0.01015928662809177,0.014089839635953045,1.3148148148148147,633958400,NaN,0.5277777777777777,0,0.010005336907520977,0.010429415393372565,0.011499358692785842,0.03047838547061536,693506048,718498474.6666666,537957376,55396761.6,648664678.4,671651157.3333333,8.56060606060606
20/03/2025 16:01:13,4.6,0.17407407407407405,0.9487179487179487,634800810.6666666,0.009860303757637738,0.009953868809424317,640452608,623876778.6666666,0.010109817301340498,0.01052378448855874,549957632,210.9390862944162,628038314.6666666,0.009592304015299076,211.33333333333331,0.5388604526166937,0.010175438189207719,0.014338251271132425,1.2888888888888888,634048512,NaN,0.5166666666666666,0,0.0082446900640366,0.01036294664708706,0.011429558804045803,0.029377162704408363,693619712,718097066.6666667,537916416,55426048,648532992,671561045.3333334,8.24074074074074
20/03/2025 16:01:43,4.6,0.15555555555555553,1.0119658119658117,634816512,0.007820650542179728,0.010182795698924479,640549888,623939584,0.009913977624474306,0.010393044647893687,550104064,210.175,628181674.6666667,0.010205079186200674,215.72916666666674,0.5408128018849486,0.007602239071223344,0.013605482257039789,1.3444444444444443,634127360,NaN,0.42222222222222217,0,0.009728889850686357,0.009899044445336633,0.011204424489309344,0.03061158578827398,693699584,718118912,537878528,55218176,648594773.3333334,671682560,8.5
20/03/2025 16:02:13,4.6,0.16666666666666666,1.0051282051282049,634904576,0.010023105313718467,0.008192631600693138,643178496,624028057.6,0.007460936914437159,0.012114229649882815,550127206.4,213.21428571428572,628155392,0.010091656360005122,214.4736842105263,0.4025868458635839,0.01008649900458952,0.013166676864714223,1.3296296296296297,634058069.3333334,NaN,0.47222222222222215,0,0.009649155822251749,0.009877426886217934,0.011592581808407458,0.030167650577603983,693749077.3333334,717595989.3333334,537458005.3333334,55648256,648595456,671726250.6666667,8.583333333333334
20/03/2025 16:02:43,4.676595744680851,0.18148148148148144,0.9739278286347558,634913792,0.009985750715817789,0.00979876273653831,645724160,624162816,0.010096884899685377,0.01010619688092637,548801740.8,212.1209782364819,628172117.3333334,0.00987917487489729,214.23913043478262,0.5395116055863511,0.010135326261649506,0.013925458767817827,1.3148148148148144,634175488,NaN,0.5277777777777777,0,0.009720712514547187,0.010098215783876935,0.011658754631290081,0.02970161836976534,693476352,717445120,536885248,55772501.333333336,648599552,671653888,8.303571428571429
20/03/2025 16:03:13,4.664285714285714,0.19999999999999998,0.9264957264957264,634840064,0.00983294888445322,0.009792947612534544,645961045.3333333,624357376,0.009986470208648169,0.010402026500393702,545701888,209.78021978021974,627813034.6666666,0.009720495794599888,215.14705882352942,0.5378409973307493,0.005820675000001075,0.013564155693691904,1.2888888888888885,634444458.6666666,NaN,0.5333333333333332,0,0.00805912373827051,0.010198640984088755,0.011975807989323324,0.023092451874767564,693310464,718215168,536567808,55138986.66666667,648604672,671754240,8.1
20/03/2025 16:03:43,4.6,0.1259259259259259,0.9999999999999998,634843136,0.010120289469225597,0.010140483870965977,646680576,624620885.3333333,0.010025689905587895,0.007413059386762654,543494144,218,627630080,0.009806032430615851,221.13793103448273,0.5388841470195683,0.009990062202352464,0.014171096093816988,1.3037037037037036,634843136,NaN,0.5166666666666666,0,0.006033324999998513,0.010575451950519258,0.009021824820445543,0.029565487450239302,693310805.3333334,718675968,536633344,55212714.66666667,648577024,671862784,8.25925925925926
20/03/2025 16:04:13,4.6,0.10370370370370369,1.0495726495726494,634852352,0.009923850182434055,0.009767206254820747,647199744,624477184,0.010427853553484271,0.01050466539362452,543364710.4,217.83653846153845,627764224,0.00997914754360261,219.89726027397268,0.5427214467214515,0.010084975423992254,0.013536047125020765,1.333333333333333,634388480,NaN,0.42222222222222217,0,0.009789353958145341,0.008043914019397512,0.009056388233595171,0.025668022130935685,693348352,717946880,536734720,55270058.666666664,648472576,671705088,8.574074074074074
20/03/2025 16:04:43,4.6,0.15555555555555553,1.0051282051282049,634849280,0.009827603845132716,0.009848180220348883,647799808,624111616,0.009819174245038425,0.010491815895183474,543252480,209.16230366492147,627877888,0.010319994713888447,218.59060402684565,0.5403802517878447,0.010273333333334208,0.01399918985893581,1.3148148148148149,634163200,NaN,0.47222222222222215,0,0.00944829868926511,0.010045345643664784,0.011441655932130779,0.0309858083289669,693463040,717448806.4,536817664,55185408,648366080,671759564.8,8.280000000000001
20/03/2025 16:05:13,4.6,0.15555555555555553,0.9679096069683886,634849280,0.010004162507296795,0.009712818389716266,648073216,623912960,0.009853708400183167,0.010599416119276795,543267498.6666666,209.28603137179442,627950592,0.009982321855470287,218.01470588235293,0.44967004749324685,0.008080801078780874,0.02613052754982126,1.3037037037037036,634413056,NaN,0.46666666666666656,0,0.009431766593021517,0.010565236586506679,0.011442025604093492,0.029557630264731894,693782528,717550592,536927232,55289856,648368128,671813632,9.431818181818182
20/03/2025 16:05:43,4.6,0.09259259259259259,1.0017094017094015,634862250.6666666,0.005596850000000587,0.009902586939980704,648190634.6666666,623941632,0.007303947479133725,0.008552455308441521,543327232,211.6753926701571,627979264,0.009895360860274328,222.5,0.5408699668722525,0.010037586351059856,0.027639693877551497,1.3407407407407406,634449920,NaN,0.5388888888888888,0,0.009833407742840852,0.010351140692736833,0.011043293340952748,0.029752638645047912,693758634.6666667,718374229.3333334,537320106.6666667,55261184,648142848,671749461.3333334,8.695652173913041
20/03/2025 16:06:13,4.6,0.13703703703703704,1.0034188034188032,634878634.6666666,0.01166219332733049,0.005881424999995489,647445504,624318054.4,0.010129079857290274,0.010623404756299321,543395840,213.52941176470588,627952640,0.010171461616309382,217.33552631578948,0.5379358597408264,0.010366838922485976,0.015234912311959998,1.3407407407407406,634542080,NaN,0.4888888888888888,0,0.009512887047537258,0.010204250295156994,0.010951546610578374,0.030294235254915182,697349461.3333333,718376960,538912768,55089834.66666667,647905280,671792128,8.693548387096774
20/03/2025 16:06:43,4.6,0.1297439552200025,0.973727499644517,634932224,0.011500626945690933,0.01005735716852446,645931008,624659660.8,0.009604554568892077,0.008843121341977025,543493120,205.345133350877,628045824,0.009617265393104665,215.57553956834533,0.4044009266927649,0.010035503229648655,0.014083050410924372,1.3111111111111113,634760192,NaN,0.5339212935123938,0,0.00825070023964543,0.008582104769698222,0.01124666935809812,0.01732279999999946,699416576,718284117.3333334,541873152,55231829.33333333,647932586.6666666,671683584,8.581975517368214
20/03/2025 16:07:13,4.6,0.10370370370370369,1.0188034188034185,636598272,0.009811593273934995,0.01153903313416544,644065280,624827050.6666666,0.010212427838014963,0.010209229445741102,543298355.2,204.8351648351648,628197376,0.00951147923471939,215.71428571428572,0.5363117931411866,0.010038425531915213,0.013521029464414094,1.3111111111111107,634716160,NaN,0.5055555555555554,0,0.009391174642637173,0.00998601049213305,0.009282815963403733,0.030355523012548315,699617280,718460245.3333333,543464448,55275520,648051712,671622144,8.63888888888889
20/03/2025 16:07:43,4.6,0.15185185185185185,0.9863247863247862,639811584,0.00966895186497234,0.01118001521090539,642209109.3333334,624786090.6666666,0.010323115140977153,0.0079885442214874,543101952,208.7714285714286,628310835.2,0.007521500423256859,216.60583941605842,0.5373487658864512,0.009990795316911685,0.013500144644536138,1.2888888888888888,634404864,NaN,0.5,0,0.00953246526260647,0.010148212311093351,0.01123487952446687,0.025994515231326516,700033024,718807040,543879168,55311360,648076288,671570944,8.580645161290324
20/03/2025 16:08:13,4.6,0.12605658374349493,1.0233453769232481,641405952,0.008215609257480591,0.009825767150818291,640854016,624722944,0.009763082146282399,0.009788469346327875,543028565.3333333,210.05513078516088,628323328,0.010082431566067402,214.19708029197082,0.5397751609935681,0.010290615994234862,0.014084325869462209,1.3518518518518514,634249216,NaN,0.517230128504933,0,0.009541987955194783,0.009925689172991442,0.010792131333145924,0.0308444634181014,700712960,718831616,544818517.3333334,55260160,648105984,671445811.2,8.518281340631646
20/03/2025 16:08:43,4.6000000000000005,0.12222222222222222,1.0119658119658117,641477290.6666666,0.01009126249537397,0.009550257020877938,641267712,624697344,0.009906933970935429,0.011304603330070799,543132672,201.25000000000006,628357120,0.009450654865440862,210.08474576271186,0.539895910609376,0.008396939287323305,0.023087029731548275,1.296296296296296,634345472,NaN,0.461111111111111,0,0.009482980628199873,0.01023774667180171,0.01123691259837249,0.03074555394546252,696981504,720102400,545097045.3333334,55188480,648227840,671542272,8.444444444444445
20/03/2025 16:09:13,4.7894736842105265,0.16296296296296295,0.9295325457947302,642402304,0.00772479273485861,0.010222580136509968,641609728,624750592,0.009903688400075881,0.010099245892805987,543289344,211.9174937715251,628359168,0.007444056237224322,219.8780487804878,0.5370133168927306,0.009844735736862481,0.013337323014904754,1.285185185185185,634476544,NaN,0.5,0,0.009389189307051788,0.01010114123001683,0.03118401220372474,0.03085551039368521,692877994.6666667,721734656,545269077.3333334,55207936,648045568,671571968,8.433333333333334
20/03/2025 16:09:43,4.784615384615385,0.14814814814814814,0.9794871794871793,642654208,0.009697972576543902,0.010071952337307037,641693696,624566272,0.010153086754978606,0.010445546012272816,543265792,217.80104712041884,628050602.6666666,0.00974964331965534,222.63358778625957,0.538899309131071,0.010210671517361089,0.013907084486199152,1.348148148148148,634487808,NaN,0.5222222222222221,0,0.009871425525361209,0.007779848152718547,0.029432276174119237,0.03141441757214807,692889600,722250752,545291264,55196876.8,647501824,671447040,8.676470588235293
20/03/2025 16:10:13,4.6,0.10740740740740741,0.9965811965811965,642695168,0.009993740820243735,0.009368832601759601,641824768,624420864,0.00994307387093049,0.010365935556081285,543170560,214.67005076142132,627714048,0.00967519607066229,219.1984732824428,0.5366433490107279,0.010222558744614302,0.010098439570492708,1.3,634326016,NaN,0.5333333333333332,0,0.009355569823435035,0.008506746423121476,0.010994099194944972,0.030001728950034428,692939434.6666666,722973696,544202752,55220224,647234560,671434752,8.708333333333334
20/03/2025 16:10:43,4.6,0.1185185185185185,0.9230769230769229,642693529.6,0.009936881260052738,0.009713704253044068,641848320,624485717.3333334,0.010172497657637546,0.010029761061766902,543216981.3333334,205.58823529411765,627522764.8,0.009794869748011609,217.54545454545453,0.5353521610693339,0.009870661865889706,0.02963895858843676,1.2777777777777772,634018816,NaN,0.5944444444444443,0,0.006604349999997795,0.008636441322647367,0.011151184798245202,0.030012510451174822,692943872,723843072,542017536,55154005.333333336,647144448,671416320,8.85
20/03/2025 16:11:13,4.6000000000000005,0.1333333333333333,1.051282051282051,642659669.3333333,0.010261099006536295,0.00805515524778511,641845248,624384682.6666666,0.01147866939455802,0.010235983702260696,543431680,213.14720812182736,627591577.6,0.009790700617598453,220.51020408163265,0.4482073289734437,0.01017611981936374,0.028444604850680573,1.348148148148148,633907882.6666666,NaN,0.41666666666666663,0,0.00929018109790443,0.007060050000001185,0.011099975209030832,0.031053589978608763,692934656,724283392,540342272,55186432,647237632,673516202.6666666,9.017857142857146
20/03/2025 16:11:43,4.6,0.14444444444444443,0.9794871794871794,640204800,0.010120378975632704,0.010147230524935635,642068480,624335872,0.010029565959523652,0.009873315800120581,543310848,217.0157068062827,627694250.6666667,0.009942540345718332,218.72093023255815,0.5368343796210978,0.009808639398998675,0.013314588601438433,1.2740740740740737,633260032,NaN,0.461111111111111,0,0.009541928871577305,0.024579553177963093,0.011176991150445435,0.03009412381035153,692752384,724205568,539435008,55302144,647103488,677741909.3333334,8.620689655172413
20/03/2025 16:12:13,4.6,0.10361427082640413,0.9288901169563711,638977365.3333334,0.008064346342736388,0.009635123984886099,642299494.4,624321877.3333334,0.009893253925284045,0.009943010264329748,543046656,208.64726003667758,627729749.3333333,0.009669405564688538,210.35714285714283,0.5376050402573376,0.010287926890780329,0.014785837422089667,1.2518518518518518,632926208,NaN,0.6437371116876205,0,0.009683214517170344,0.022525576156008618,0.011001936345424214,0.030328260234255396,692648618.6666667,724401152,539208704,55330816,646840320,677688320,8.641435448619358
20/03/2025 16:12:43,4.6,0.08518518518518518,0.9760683760683759,636364117.3333333,0.010127367926663026,0.007799770995535274,642422101.3333334,624342357.3333334,0.010026338245812111,0.007958679889099358,543148032,208.88235294117646,627917824,0.008659945420095136,216.88461538461542,0.5402253857301205,0.010423988078279144,0.014405918829361486,1.2703703703703701,632769194.6666666,NaN,0.5499999999999998,0,0.009613700781371498,0.008285601532582619,0.010828224278228772,0.029796847076837555,693353130.6666666,722583552,539470233.6,55296000,646866944,677872640,8.666666666666668
20/03/2025 16:13:13,4.6,0.20370370370370366,0.9487179487179485,635035648,0.008373674306004452,0.010272109683789075,642245973.3333334,624465920,0.010018106646489042,0.010791369157683483,543234730.6666667,210.74850299401197,628252672,0.010070063950447263,219.21052631578948,0.5380752574718427,0.010557259102609278,0.013692101954051857,1.296296296296296,632819712,NaN,0.4277777777777777,0,0.009930037713694351,0.010173755703571768,0.011894456131408123,0.022612736027513798,693595136,720747520,539808768,55214080,646870016,678569574.4,8.818181818181818
20/03/2025 16:13:43,4.6,0.2333333333333333,1.0085470085470085,634783061.3333333,0.008345642011210522,0.010562436848460472,642416640,624683008,0.010176245373716327,0.01009830366568285,543327573.3333334,214.50261780104722,628349952,0.009900848035133495,221.2328767123288,0.5403125194934851,0.01023706272220718,0.013364348870639317,1.3296296296296297,632864768,NaN,0.35,0,0.007452968424967929,0.010526543139710527,0.009690881786784969,0.031011674210377153,693723136,720410624,539931648,55184042.666666664,646871040,678995968,8.666666666666666
20/03/2025 16:14:13,4.6,0.1333333333333333,1.0051282051282049,634480640,0.010372292947781435,0.01042713556540325,642553856,624846848,0.0060536500000011985,0.01019629894085531,543381504,212.21153846153842,629160345.6,0.010036944151734777,219.00662251655632,0.5408043384825403,0.011669950452892413,0.013858203749125258,1.2851851851851848,632931328,NaN,0.47777777777777775,0,0.009803701975423657,0.009840910772873497,0.011308806680260745,0.03264046345811015,693541888,719354880,539738112,56355840,646873088,679385770.6666667,8.785714285714285
20/03/2025 16:14:43,4.6,0.1259259259259259,0.9777777777777774,634353664,0.007477826901130547,0.010000847908819556,642102613.3333333,624577194.6666666,0.010155920593902964,0.007555616234596514,543386624,212.85340314136124,630471680,0.010234664764619842,221.97080291970804,0.5390732514702016,0.012185941620018077,0.013489026672904936,1.273199703043801,633001984,NaN,0.45555555555555555,0,0.009878922058754208,0.010062641121369746,0.011383744155433253,0.03272197502511765,693207040,718904524.8,539572906.6666667,58103125.33333333,646851584,679494656,8.833333333333334
20/03/2025 16:15:13,4.6,0.20370370370370366,0.9811965811965809,634346496,0.010215185364237843,0.010394172511288123,641899178.6666667,624002389.3333334,0.01009417985211185,0.010249319464745665,543407104,219.2822966507177,632736426.6666667,0.010214329147391647,224.33098591549296,0.5391213942545288,0.010573490597163494,0.00937225189201411,1.296296296296296,632981504,NaN,0.3555555555555555,0,0.00980248765403993,0.010206348544256236,0.011925990584544797,0.03009029443282656,693372245.3333334,719138816,539572906.6666666,59396096,646895206.4,677884928,8.769230769230768
20/03/2025 16:15:43,4.6,0.18888888888888886,1.0205128205128207,634250240,0.01049626411110049,0.009917542706964193,642001578.6666667,624020684.8,0.010421265202391373,0.010284914271612934,543588352,211.6824644549763,632886613.3333334,0.010379849900875494,221.53846153846155,0.2780873333333299,0.010585343867653252,0.01271374980130264,1.322222222222222,632835072,NaN,0.3387703285884538,0,0.009752246417042318,0.010485307315273775,0.011908653289822905,0.03064084944233723,693454165.3333333,719411200,539539865.6,59552768,646934528,674596864,8.708777934459963
20/03/2025 16:16:13,4.6,0.17777777777777776,0.9658119658119657,634313728,0.008676918917188484,0.010935549316554766,642024789.3333334,624106496,0.010559044545982926,0.008606573654437335,543652249.6,214.44196428571433,633671680,0.010347355904062794,222.28476821192055,0.5410292161871236,0.010548727108071329,0.012940034750174693,1.2962962962962958,632857395.2,NaN,0.47222222222222215,0,0.009935680894126513,0.01034272611553906,0.011814442588379903,0.025768124513108608,693358592,718491648,539557888,59890346.66666667,646985045.3333333,673117184,8.86111111111111
20/03/2025 16:16:43,4.6,0.17407407407407405,0.928205128205128,634451285.3333334,0.009960998841549596,0.010117444494788264,642124458.6666666,624557056,0.01063464678109987,0.010546536280274833,543514624,211.98952879581154,633446400,0.00877340751177276,221.0489510489511,0.5391661552025271,0.010742752324528683,0.015146647954230694,1.2814814814814812,632789401.6,NaN,0.5888888888888888,0,0.009975113323256074,0.010521054056492141,0.01214762681733016,0.03152141222622345,693510144,718175436.8,539623424,60291754.666666664,647135232,671736832,8.785714285714286
20/03/2025 16:17:13,4.6,0.1518466670123226,0.9709401709401708,634582357.3333334,0.010123311537909175,0.008690687377230022,642184192,624631808,0.010236075257055539,0.010441979419491747,543412224,213.625,632952832,0.010768240250152187,220.81632653061226,0.5390011111111027,0.0108231969161297,0.026748224329760737,1.333333333333333,632563029.3333334,NaN,0.6055555555555555,0,0.009587682222032962,0.00879265182149615,0.011668137171269986,0.0310891299443478,693436416,718178986.6666666,539591680,60284928,647172096,670214144,9.219512195121954
20/03/2025 16:17:43,4.6,0.11481481481481481,0.9692307692307691,634618880,0.010366912014492503,0.01034509820291966,642068480,624686421.3333334,0.010429351862940809,0.01789273629874841,543536128,214.77678571428572,632973994.6666666,0.007673767996757504,218.60927152317885,0.5387101934523798,0.011066470894135875,0.034081640599650714,1.2888888888888888,632672256,NaN,0.5833333333333333,0,0.009674911454482168,0.010226060492802577,0.013183255346135177,0.03056628485699044,693316266.6666666,718112085.3333334,539568128,60264448,648187904,670430208,9.214285714285714
20/03/2025 16:18:13,4.6,0.1592592592592592,1.029059829059829,634753024,0.010218285107984611,0.010340090584409191,642059264,625595392,0.009836691296499939,0.010502084878871776,543449088,223.86462882096075,633399978.6666666,0.01192074524367724,227.67857142857147,0.5394327354822479,0.010529243735502564,0.012301484332054633,1.3185185185185184,632675328,NaN,0.33900378285287885,0,0.009574298413803431,0.010401378716071802,0.013269947843687164,0.031412103390843604,693566122.6666666,718483456,539556864,60246016,650274816,670590976,8.679545019902601
20/03/2025 16:18:43,4.6,0.17037037037037037,1.0376068376068375,635103914.6666666,0.009864097044713785,0.0101247711003858,641900544,627167232,0.00993983675381525,0.01042679649293019,543330304,225.49212598425197,630967296,0.010667596932231167,227.50000000000006,0.5411420323325702,0.010806459834565942,0.013355124127088384,1.3407407407407406,632628224,NaN,0.3833333333333333,0,0.007132127033201329,0.010594171414518119,0.0114825475126114,0.03183893644764119,693405286.4,720187392,539521024,59263658.66666667,651279360,670479974.4,8.630434782608695
20/03/2025 16:19:13,4.6,0.17388707805790224,1.0296397498153635,635314176,0.01022388204481324,0.00981980980136493,641348608,628592640,0.010306916868167136,0.010570466786354425,543439530.6666666,219.36450234238606,628318208,0.009968607954547577,220.3947368421053,0.5392259920169058,0.009923388116307722,0.012832381319954251,1.348148148148148,632573952,NaN,0.4439566287500831,0,0.009457148923746318,0.010944586648215507,0.011810998307953872,0.022392532678235186,693239808,721044821.3333333,539530240,57184256,651594752,670508646.4,8.550241016198772
20/03/2025 16:19:43,4.6,0.15555555555555553,1.0615384615384615,635028821.3333333,0.007357013413186335,0.010197259750795985,641283072,628935680,0.008185352397602819,0.010198323964832869,543517354.6666666,217.26086956521738,628289536,0.010319137823664962,222.48466257668716,0.541768218859134,0.010358183220655683,0.009542318245041703,1.3333333333333335,632526848,NaN,0.3222222222222222,0,0.00947071981646095,0.010504481875494817,0.011392943174191332,0.024709894561355465,693665792,721059840,539592021.3333334,57169237.33333333,651935744,670537728,8.1875
20/03/2025 16:20:13,4.6,0.18148148148148147,0.9059829059829059,635020629.3333334,0.010180446509128848,0.008560175149859878,641806336,629180416,0.006997350000000325,0.010251601206078726,543279104,214.44444444444446,628234922.6666666,0.010577592304429517,219.79865771812078,0.5383062463321572,0.010910487068712811,0.013863371179823492,1.2777777777777777,632571904,NaN,0.5166666666666666,0,0.009825395370162917,0.010554005698004222,0.012191669889765765,0.031210585960929144,693620736,720016384,539709440,56761002.66666667,651667456,670519296,8.5625
20/03/2025 16:20:43,4.6,0.21111111111111108,0.9247863247863247,635016192,0.010418921804107112,0.01043778602714266,642146304,628738048,0.01003323453217504,0.010779907534669954,543042560,213.25,628313088,0.010289337574928791,219.36619718309856,0.5369155426074318,0.010282905526175124,0.013933913522215182,1.3074074074074076,632502954.6666666,NaN,0.4888888888888888,0,0.009613412638034616,0.010883828256790096,0.012338935744195974,0.03062639189691416,693400576,719360000,539947008,56614912,651464704,670394368,8.696969696969699
20/03/2025 16:21:13,4.6,0.2185185185185185,0.8923076923076922,635015168,0.008376582353107277,0.010394838927306709,642265088,628420608,0.010031085733479148,0.00897824739755487,543088640,218.3492822966508,628491264,0.010120038425374976,221.54109589041093,0.536941092561286,0.01046518773562266,0.013866857819610804,1.2259259259259256,632474624,NaN,0.47777777777777775,0,0.00871679477563358,0.010141166007907656,0.012735660311396908,0.028429866547678706,693447680,719499264,539938816,56855552,651863381.3333334,670389043.2,8.600000000000001
20/03/2025 16:21:43,4.6,0.2259259259259259,0.8923076923076922,635017898.6666667,0.008704959842044693,0.0083821317111719,642368512,628574890.6666667,0.01032469954413288,0.010389424817394447,543116288,214.97340425531917,628689920,0.009861943307743894,220.92465753424653,0.5362689029781939,0.009980140032585206,0.014318162198454871,1.2518518518518515,632607744,NaN,0.44999999999999996,0,0.009896684355587215,0.010318966294565655,0.0101251776855109,0.022098521232047176,693398528,719326208,539844608,56967168,652124160,670698154.6666666,8.5
20/03/2025 16:22:13,4.6,0.11111111111111109,1.0529914529914528,635096064,0.007921390430319109,0.008626656911685964,642410905.6,627496960,0.0066196186823908,0.00866148089116985,543152810.6666666,219.3852459016393,628842496,0.005728673029429966,228.35227272727275,0.5387553516819453,0.008512913527428797,0.010978313542041313,1.3296296296296293,632728234.6666666,NaN,0.3722222222222222,0,0.00863706818369053,0.00861432881254661,0.009685595309622425,0.02871899572354781,693314560,719417344,539965440,56871594.66666667,649273344,671318016,8.59090909090909
20/03/2025 16:22:43,4.6,0.1222222222222222,0.9807865100091492,635104256,0.006062172257079381,0.006140144598067606,642426880,626007040,0.00626848294329941,0.006737901784653162,543128234.6666667,215.31720753799095,628669440,0.005181510015817962,219.56521739130437,0.5362824705415078,0.006406437026198891,0.009466458869764851,1.2666666666666666,632848384,NaN,0.4444444444444444,0,0.0058888888888913036,0.006523507608276189,0.00734612692750526,0.02622034409200389,693494579.2,719557632,540032000,56888320,646293504,671412224,8.607142857142858
20/03/2025 16:23:13,4.6,0.15185185185185182,0.9470085470085469,634979942.4,0.005163655267139557,0.006196636601042473,642329258.6666667,622749013.3333334,0.006121276358360779,0.006461995602307108,543178752,214.79591836734699,628559872,0.0057386827577342965,220.21126760563382,0.535355182754967,0.006224836543165561,0.009268439947778864,1.2925925925925923,632899584,NaN,0.5222222222222221,0,0.006149667002161677,0.006615502075407107,0.007584700356411239,0.025702378075307102,693570560,719413248,540054869.3333333,56854528,646332416,671465472,8.357142857142858
20/03/2025 16:23:43,4.6899999999999995,0.15185185185185185,0.993162393162393,634922598.4,0.023633250673854963,0.0059694860396188095,642396160,622760960,0.0049464719553858226,0.006773067550658473,543236096,210.3846153846154,628589568,0.005986527579195923,218.60927152317885,0.5370385231842052,0.005312221595879548,0.026038101965385432,1.2888888888888888,632889344,NaN,0.5,0,0.005726766394230269,0.0064744567072460915,0.00734295109988067,0.021454666508293353,693510144,718992725.3333334,539529216,56784896,646351257.6,671555584,9.125
20/03/2025 16:24:13,4.6,0.18518518518518517,0.8940170940170938,634893653.3333334,0.020621823110812152,0.0063934375446802125,642315264,622789632,0.007056139993380229,0.00702635543722626,543293440,213.85000000000002,628668006.4,0.006389214308873737,221.81208053691273,0.5352516611618415,0.006478047770260777,0.027534482026003934,1.2407407407407407,634506240,NaN,0.5222222222222221,0,0.005135138546665987,0.008361371656758102,0.008015432970760837,0.026738373483682704,693925888,719134720,538620723.2,56839372.8,646186598.4,671539200,9.265625
20/03/2025 16:24:43,4.6,0.1925925925925926,0.9264957264957263,634959189.3333333,0.006609701394081564,0.005051789063683262,642228224,622908211.2,0.007159113336061423,0.007415458719724983,543212544,214.99999999999997,628742826.6666666,0.007057798555032785,219.48630136986304,0.5352515182766144,0.007119867421809453,0.010968438360082162,1.2629629629629628,636308684.8,NaN,0.4888888888888888,0,0.006481072316507409,0.006935724934774137,0.007984413476607399,0.026423730442473686,694360473.6,719242240,537543680,56828928,645977429.3333334,671544320,8.566666666666666
20/03/2025 16:25:13,4.6,0.16296296296296295,0.9760683760683759,634961920,0.006920770280322515,0.005510287231188738,642310144,622615756.8,0.007713793309559493,0.00748339976255109,543166464,216.26666666666665,628829184,0.025944420928649927,223.3928571428571,0.5373140464262478,0.00623535978332999,0.010706889942982122,1.2814814814814814,636581888,NaN,0.4277777777777777,0,0.006757339271043044,0.007313610170498246,0.009124058196936879,0.02098658744934868,694195200,719583232,537627306.6666666,56971264,646135808,671493120,8.714285714285715
20/03/2025 16:25:43,4.6,0.13703703703703704,1,634893653.3333334,0.006382738750360665,0.007489583924616896,642330624,621922304,0.007506903272129449,0.007937461004121132,543096832,219.01639344262298,628743168,0.0063076433045691155,226.72131147540983,0.53749855764017,0.007811805541293184,0.009886722030421744,1.3148148148148147,637346816,NaN,0.4166666666666667,0,0.0059888688338075235,0.005456690543607578,0.006673559642355772,0.028293660269674958,693454165.3333334,720263168,537764864,57004032,646219776,671341568,8.703703703703704
20/03/2025 16:26:13,4.728586566764784,0.20716349956022678,0.9783952228174937,634922598.4,0.0078932567617629,0.007525597757182174,642286592,621722282.6666667,0.006230677610287869,0.008272946096432596,543026176,216.00116165234337,628477952,0.008116127951766288,222.21476510067114,0.5376953269322923,0.007541098610188068,0.010872652443349968,1.2999999999999998,636918169.6,NaN,0.47724118051398035,0,0.007754936595130363,0.00797201142836209,0.02239473011726659,0.027438085299196713,693873664,720093184,537801523.2,56590336,646362453.3333334,671132330.6666666,8.680660760383464
20/03/2025 16:26:43,4.6,0.16666666666666666,0.9999999999999998,634997964.8,0.0076940187539841914,0.007876857787810984,642244608,621849258.6666666,0.008730081059710022,0.008478521787094996,543029930.6666667,214.45497630331758,628533930.6666667,0.007932408262175615,218.86075949367086,0.4522607624538064,0.007909994314949414,0.011792049559241666,1.3185185185185184,636244992,NaN,0.461111111111111,0,0.007656116174375281,0.006568094742535138,0.00923601493741611,0.028689508489061894,694124544,719588010.6666666,537834837.3333334,56978432,646352076.8,671137792,8.535714285714286
20/03/2025 16:27:13,4.7384615384615385,0.10370370370370369,1.0324786324786324,635016533.3333334,0.008184900813471199,0.007979164116996895,642279833.6,622015488,0.008463979704179699,0.009221457691158418,542945280,214.55102040816325,628501162.6666667,0.008340373871939878,221.74846625766872,0.5397355348451497,0.006327307888178973,0.011915805449161073,1.3148148148148147,636455594.6666666,NaN,0.4166666666666667,0,0.00767713911991837,0.00689449493915322,0.007742882115098856,0.028868450973669985,693670912,719754240,537818453.3333334,57035776,646324224,671273984,8.653846153846155
20/03/2025 16:27:43,4.705882352941176,0.1259259259259259,0.9760683760683759,634979328,0.008573466867880684,0.0073509655450332435,642185216,621877248,0.007251458586947295,0.009269807831844026,542991701.3333333,219.22413793103448,628457472,0.008689274322170317,227.7848101265823,0.5399196278949796,0.006652436038432855,0.012340249568240522,1.2518518518518518,637154304,NaN,0.4888888888888888,0,0.008337591240876715,0.008787124426355061,0.01067168152109697,0.02880733800900164,693597525.3333334,720055296,537835520,56573952,646434816,671271936,8.392857142857142
20/03/2025 16:28:13,4.6,0.1259259259259259,0.993162393162393,635014144,0.008503947457209466,0.008677171708358179,641934677.3333334,621709312,0.008695373568441463,0.007610238718814757,543208789.3333334,222.511013215859,628454741.3333334,0.008681232310479767,227.2549019607843,0.43365937205387217,0.008783094575637867,0.009035372899918626,1.2999999999999998,636334080,NaN,0.461111111111111,0,0.007992318003708226,0.009181575131413221,0.010095431490735864,0.02787131204995905,693264384,721022976,537780224,56684544,646446284.8,671257600,8.425925925925926
20/03/2025 16:28:43,4.6,0.19629629629629627,0.9777777777777776,635032917.3333334,0.008764724233983834,0.007366710116511474,641969152,621767680,0.0075457452604958735,0.008970219527982362,543112192,213.02816901408454,628460544,0.008983915767715104,219.36619718309856,0.5392369560602822,0.009149110328584526,0.012188439508037685,1.2999999999999996,633386325.3333334,NaN,0.4388888888888889,0,0.008477865695147331,0.009301996428288222,0.010634941286367145,0.02978915494790028,692969472,720890880,537744384,56846745.6,646440277.3333334,671391744,8.709677419354838
20/03/2025 16:29:13,4.6,0.23333333333333325,0.9470085470085469,635038720,0.007806591561139298,0.009068517946228708,641986560,621895680,0.008829885626986122,0.009398198198200088,542958933.3333333,211.94029850746273,628364083.2,0.00933087712366545,217.32876712328766,0.44722813232431063,0.009004506446176968,0.009051790795330411,1.2555555555555553,632547328,NaN,0.39444444444444443,0,0.009012025080878894,0.009323023120965366,0.011350554338016088,0.028613509092662685,693190656,720349866.6666666,537746432,56864768,646762496,671404032,8.56
20/03/2025 16:29:43,4.6000000000000005,0.1849900589074407,0.964738771284371,635046912,0.009087621143311271,0.008907308819280058,642101248,621924352,0.009075335777981152,0.009105381956692306,542864725.3333334,222.21320107961952,628311040,0.008682733973640964,225.83892617449663,0.5384013981466382,0.008759133897461628,0.01186290973369581,1.2888888888888888,631755776,NaN,0.41065988159382694,0,0.008508613516596885,0.009155556592546662,0.010785596902363418,0.021088864070733324,693183488,720465920,537675776,56793088,646924288,671272960,8.456637500000001
20/03/2025 16:30:13,4.6,0.14444444444444446,0.9538461538461538,635055104,0.009132326572897429,0.00897423750679965,642285568,621905237.3333333,0.009257052626614677,0.00713673095089833,542982144,215.20000000000002,628310016,0.008879446833467012,219.33823529411762,0.5390561367007686,0.00799315040642887,0.019877696125215286,1.237037037037037,631813461.3333333,NaN,0.5222222222222221,0,0.008381742738589602,0.007538582992561831,0.010463286896409347,0.03006048878654764,693218304,720013312,537682944,56772198.4,646955008,671273984,9
20/03/2025 16:30:43,4.6000000000000005,0.18888888888888888,0.911111111111111,635112106.6666667,0.009062423500612732,0.009284828355689737,642284748.8,622184448,0.007676397800213783,0.009820478955853014,542964736,214.39473684210526,628303462.4,0.007817857072962705,219.1176470588236,0.5369482891315709,0.009474611157845878,0.017302986319141712,1.2703703703703701,631965013.3333334,NaN,0.47777777777777775,0,0.008954788317319952,0.009445153388216504,0.0106858637775462,0.03027140867646054,693560661.3333334,719646720,537751552,56726869.333333336,646982656,671307776,9.17857142857143
20/03/2025 16:31:13,4.6000000000000005,0.2222222222222222,0.9042735042735042,635103914.6666666,0.008859548266600011,0.009029041654533715,642187264,622534656,0.009465681139942107,0.009770950068486895,544993280,217.31578947368422,628344149.3333334,0.008981883865486026,221.5517241379311,0.5365595109598139,0.009289714993805773,0.012743246363429564,1.2740740740740741,632057856,NaN,0.5166666666666666,0,0.010281492280168877,0.00926900135470867,0.01119443131429133,0.02212096765827001,693659648,719418368,537864874.6666666,56888320,647013717.3333333,670917632,8.23076923076923
20/03/2025 16:31:43,4.6,0.17037037037037037,1.0068376068376066,635044864,0.009242203905099411,0.009134162989927742,641977002.6666666,622592000,0.00959197022668276,0.007369711799253572,547352576,220.60267857142856,628491605.3333333,0.009342608785105355,222.5961538461539,0.5406375110998269,0.009500982971064068,0.012965058198145194,1.3518518518518514,631975936,NaN,0.45555555555555555,0,0.008659378570307423,0.009685112623954958,0.00836416432472984,0.029384729805404276,693647360,719153834.6666667,538105173.3333333,56855756.8,647102464,670737749.3333334,8.444444444444445
20/03/2025 16:32:13,4.6,0.1444444444444444,1.0495726495726494,635111424,0.0096567905704424,0.009563582966226763,643095210.6666666,622524416,0.009430175325723506,0.011452375385269038,548085760,218.58108108108115,628723712,0.009609999999996953,221.07843137254903,0.5402861503005478,0.009788216349760676,0.012669577389680978,1.3777777777777773,631706965.3333334,NaN,0.46666666666666656,0,0.009007886910362533,0.009436463456476522,0.011311899610560311,0.030167929251873008,693662720,719507456,538054656,56769194.66666667,647133866.6666667,671254528,8.464285714285715
20/03/2025 16:32:43,4.6,0.15185185185185185,1.058119658119658,635173546.6666666,0.009701737913766762,0.009614197601110472,645480448,622419968,0.0073551839898132595,0.007000305334735437,548868096,216.09865470852014,629174272,0.009684113639384114,220.66878980891727,0.5405894429615533,0.006954762742931793,0.012191534804672574,1.348148148148148,631465301.3333334,NaN,0.4444444444444444,0,0.0090546051574088,0.009502504222234344,0.008621595909468767,0.0310915596654528,693736448,719466496,537880576,56859306.66666667,646679210.6666666,671289344,8.741935483870968
20/03/2025 16:33:13,4.6,0.2074074074074074,0.9025641025641025,635086848,0.009819276420912378,0.009461993098976445,645823488,622354432,0.009815205143501492,0.009834446935080503,549759658.6666666,212.07253886010363,629056853.3333333,0.00996388693103625,216.86567164179104,0.5367586267952005,0.01006969706829513,0.013434619661461903,1.2481481481481482,631719936,NaN,0.5390727192312729,0,0.007009319027071359,0.009878443518662527,0.010978973971046238,0.02911985204471616,693451776,718988902.4,537897642.6666666,56816640,646393856,671225173.3333334,8.666283708786475
20/03/2025 16:33:43,4.6,0.15185185185185182,0.9367521367521365,635082069.3333334,0.009353913021376713,0.007333045516135281,646445056,622202880,0.007533869923536451,0.010027741726152136,550197657.6,210.45454545454547,628880384,0.009907684419374905,212.86290322580646,0.5384869438023714,0.010277384836757138,0.014133676630660624,1.2740740740740737,631939072,NaN,0.5499999999999999,0,0.009415411474099708,0.009830736575891614,0.011114641042295995,0.029100567573937513,693185536,719203532.8,537679189.3333334,56921292.8,646363545.6,671135744,8.583333333333334
20/03/2025 16:34:13,4.6,0.14074074074074072,0.9897435897435897,635088076.8,0.00974435623364411,0.010142021053472875,647309721.6,621939370.6666666,0.010129635690726946,0.01036822992131899,550364160,214.18848167539267,628905984,0.006947969363488167,218.3695652173913,0.5406142314742125,0.010424424184258797,0.0139534214404084,1.322222222222222,631977984,NaN,0.4388888888888889,0,0.009179029786417556,0.00981667103424166,0.007835250000005092,0.02976424689687121,693200213.3333333,719864832,537398272,57106432,646421162.6666666,671204693.3333334,8.903846153846153
20/03/2025 16:34:43,4.6,0.16296296296296295,0.9333333333333331,635120844.8,0.011164554464131197,0.009806348990319437,647701504,622191616,0.008021896426385651,0.007841988190329123,550408192,215.83333333333337,628860928,0.00973763234280768,216.10000000000002,0.5379889173568523,0.009685720972941264,0.007787000000001854,1.2555555555555555,631801856,NaN,0.4833333333333333,0,0.009248723838693495,0.010130923157033338,0.011366014669925262,0.02872008102333194,693273941.3333333,719745024,538842112,56930304,646762496,671242922.6666666,8.410714285714285
20/03/2025 16:35:13,4.6,0.1333333333333333,0.9179487179487178,635234986.6666667,0.009751237719998708,0.009945781067927695,647979008,622406314.6666667,0.00994851919561263,0.010419759454835984,549344870.4,220.07246376811594,628725077.3333334,0.010135857307245867,223.0967741935484,0.4575940101942858,0.009854743442596422,0.011713346645926544,1.2629629629629628,631603200,NaN,0.5722222222222222,0,0.009686814857203026,0.009896565858993017,0.009119285019923125,0.028521475027604475,693397504,719115264,540637184,56636757.33333333,646903808,671302997.3333334,8.605263157894736
20/03/2025 16:35:43,4.6,0.11851851851851852,0.9965811965811964,635150336,0.00973705835689433,0.0070283262039342095,648036352,622327125.3333334,0.010119614611548854,0.010187710090227117,548371456,215.09756097560972,628787882.6666666,0.00736779804312846,219.70394736842104,0.4456834041510913,0.009772796052635913,0.012539121237564605,1.3037037037037038,631635968,NaN,0.5109275338717278,0,0.008556072174673832,0.009995628946086865,0.011012887072427898,0.023201990701005388,693515264,718981120,541073408,56504320,646719897.6,671232000,8.68962065066298
20/03/2025 16:36:13,4.6,0.14444444444444443,0.9846153846153844,635071488,0.01007284491241919,0.009992962000056605,646665216,622173184,0.010114973330268437,0.010306471549901242,546175658.6666667,214.57286432160808,628805632,0.009919835884487223,222.91946308724835,0.5389106339733586,0.00986793571222928,0.020865086931651816,1.3333333333333335,631828480,NaN,0.5222222222222221,0,0.009710016436716339,0.005725324999997384,0.011003799783377226,0.02984065987860544,693993472,719258965.3333334,541839360,56710485.333333336,646466764.8,671180117.3333334,8.827586206896552
20/03/2025 16:36:43,4.6,0.17037037037037034,0.9196581196581196,635067392,0.010019289150441328,0.010106738342293083,645286570.6666666,622107306.6666667,0.009934441755234105,0.010296963630296753,544583680,208.5502958579882,628825088,0.008349255719114254,218.4883720930233,0.5373243229340751,0.008232421019006134,0.02307830118348568,1.2703703703703701,632153088,NaN,0.5611111111111111,0,0.00997248237398973,0.010145336370944925,0.01144855418304685,0.029502895651255454,694342997.3333334,719354538.6666666,542585856,56868864,646281898.6666667,671249749.3333334,9.242857142857144
20/03/2025 16:37:13,4.6,0.12222222222222222,0.9897435897435897,635074969.6,0.0098678972053485,0.010271673517758364,644151978.6666666,622395392,0.009915624216735364,0.007596236756265994,544066560,213.8917525773196,628779690.6666666,0.01033812815630473,219.28571428571433,0.3621552500000007,0.010447626425883223,0.012599815651381555,1.3074074074074076,632286208,NaN,0.5499999999999998,0,0.009413692643847286,0.010293917963223287,0.007921723786581077,0.025303301900991323,695986858.6666666,719619413.3333334,542785536,56983552,646467584,671273984,8.792682926829269
20/03/2025 16:37:43,4.6,0.15185185185185182,1,635079680,0.0101569610395954,0.010239423385435343,643016021.3333333,622433621.3333333,0.009979029769726547,0.008444323754004373,544500394.6666666,214.72361809045236,628768768,0.010314354970546398,219.68309859154928,0.5404787695711349,0.01044775744377669,0.014915346576149116,1.2814814814814814,632076288,NaN,0.3999999999999999,0,0.006636025000000246,0.010316594869156865,0.008098572797628706,0.02964624174330274,697748138.6666666,719938560,542780416,56692736,646538581.3333333,671159296,8.678571428571429
20/03/2025 16:38:13,4.6,0.17777777777777776,0.94017094017094,635056128,0.010098613022763004,0.010265799566445848,641892352,622383104,0.010146395343897024,0.010490510757392065,544673792,219.01408450704224,628794368,0.010400049206544349,223.6038961038961,0.5383358984224658,0.010119362147836203,0.013367323155804462,1.2592592592592589,631867392,NaN,0.47222222222222215,0,0.009493937727497698,0.01039276081092728,0.011389202356909265,0.0295096102745753,699588608,720225280,542782464,56621056,646467584,671027200,8.5
20/03/2025 16:38:43,4.6,0.15555555555555553,0.9846153846153847,635123712,0.009949893850864257,0.009964694919202996,642003968,622348288,0.009851276025192512,0.009919555938685966,544748544,217.36486486486484,628856832,0.009744018192608575,220,0.5349246650678919,0.009684542292157178,0.01294590643274927,1.3074074074074071,631792640,NaN,0.4833333333333333,0,0.00911862882271001,0.008393748389182373,0.011350218858292864,0.029309601010285256,699914240,720447488,541116416,56856576,646609920,671074986.6666667,8.742424242424242
20/03/2025 16:39:13,4.6,0.14074074074074072,1.0034188034188034,635155797.3333334,0.009185893452344052,0.008917349685304157,642131968,622318933.3333334,0.009296419127859484,0.00887995152436846,544789504,215.36480686695276,628769792,0.008809750091796478,223.72881355932208,0.5414922901862395,0.00904891909962112,0.013244285412855524,1.3222222222222224,631852032,NaN,0.47206541666358226,0,0.008667936700871253,0.00913176882981022,0.010099139001576756,0.02926996799554646,700680601.6,721405269.3333333,539413162.6666666,56990105.6,646801408,671170560,8.682243006377691
20/03/2025 16:39:43,4.6,0.17037037037037034,0.991452991452991,635069781.3333334,0.009399483722935054,0.00659192561615372,642153130.6666666,622348970.6666667,0.0077024017943523706,0.00964836495760741,544697344,218.33333333333331,628587520,0.007457422114672993,223.07947019867552,0.3968103937777585,0.009335275412863544,0.01139186209785883,1.3148148148148144,631970816,NaN,0.5222222222222221,0,0.00911592568015522,0.009469129275975305,0.010538362204144662,0.02480645354395565,701049856,722968576,537939968,57074688,646870016,671122432,8.8625
20/03/2025 16:40:13,4.6,0.15925925925925924,0.905982905982906,637725696,0.009303803159423274,0.010567680685994348,642142208,622371840,0.02507079205573863,0.010025670309136687,544661504,214.19354838709688,628572160,0.009347115676334056,218.03846153846152,0.5374594594594642,0.009523498111215537,0.013862416414763847,1.2592592592592589,632004608,NaN,0.5833333333333333,0,0.008834793428729216,0.007694459286692208,0.011125625312654413,0.028571188731897765,701332138.6666667,722872320,536395776,56853504,646836224,670769152,8.644736842105264
20/03/2025 16:40:43,4.6,0.16296296296296295,0.9299145299145296,640347136,0.005720200000001796,0.00908594968691877,642149034.6666667,622242474.6666666,0.009370828068089594,0.009739622998509225,544648192,218.943661971831,628648960,0.006970956295094285,221.77083333333337,0.5370348451701669,0.009749661394364307,0.013418602903890008,1.2555555555555553,632110080,NaN,0.47222222222222215,0,0.009132454141126158,0.009795951298224559,0.011277036093612403,0.02869700703436295,701370368,722923520,535003136,56734720,646823936,670691328,8.8
20/03/2025 16:41:13,4.6,0.18148148148148147,0.9658119658119657,640500736,0.009786972841687558,0.009534702376995373,642200917.3333334,622180352,0.009665573469011502,0.010510685335298227,544638293.3333334,212.3834196891192,628761941.3333334,0.009734065425191644,216,0.5388622895183371,0.009927340640161842,0.013408582721628483,1.2925925925925923,632378982.4,NaN,0.5055555555555555,0,0.00897624516441037,0.009719656263100908,0.011209818987601075,0.030505484555291926,700427264,722776064,534999040,56687274.666666664,646830762.6666666,670696789.3333333,8.705882352941178
20/03/2025 16:41:43,4.6000000000000005,0.1925925925925926,0.9388511845732227,641078272,0.009767264892618265,0.009749841068021327,642111897.6,622245205.3333334,0.008121719575735762,0.010273647920705663,544680618.6666666,214.13368060198513,628864341.3333334,0.009376224566695521,218.25342465753425,0.4610618184101389,0.008210414354141785,0.014178358937929531,1.3111111111111111,632508416,NaN,0.5444444444444443,0,0.0070978297519436444,0.009943311493899999,0.01206305543800066,0.03065046579184063,698658816,722503680,534967296,56735061.33333333,646852608,670673578.6666666,8.865853658536587
20/03/2025 16:42:13,4.6,0.16666666666666666,0.9435897435897433,641698816,0.009907277816657505,0.009705979531853514,642070528,622219264,0.011139303076103007,0.01065566089857896,544768000,215.2717391304348,629921792,0.009396521620827745,220.31914893617025,0.5398160197816162,0.011646906752992427,0.01275222614841016,1.2666666666666664,632736426.6666666,NaN,0.4499999999999999,0,0.009452155513285496,0.008034301425344666,0.01140445368897344,0.011541933333334479,697759061.3333333,722470229.3333334,534925312,56825856,646896298.6666667,672032768,8.75
20/03/2025 16:42:43,4.6,0.16666666666666666,0.988034188034188,641992704,0.009838719623282368,0.00955669324777104,642037077.3333334,622316202.6666666,0.011434300927518315,0.010109505584630741,544943104,215.3211009174312,632310784,0.006997401233612388,221.5686274509804,0.538608951866849,0.01166852013131,0.026925153458471938,1.2851851851851852,632801280,NaN,0.3550193506455139,0,0.009252535097360471,0.010011434794445422,0.007193199999998494,0.030702622330357605,696246272,722728960,534867968,57630720,646885376,674230272,9.381927298970638
20/03/2025 16:43:13,4.6,0.1444444444444444,1.0512820512820513,642033664,0.009728293781219104,0.009699761307050593,641976320,622341120,0.007364051181587855,0.01020405676728435,545084757.3333334,217.34567901234567,633907200,0.009454644808742994,223.98843930635837,0.4015274555596071,0.009930563970818203,0.012184044302153252,1.3148148148148147,632819712,NaN,0.35,0,0.009208504066061943,0.00979607227023038,0.023775194543184358,0.03146568097680743,694927360,723173376,534979925.3333334,58699776,646852608,676126720,9.431818181818182
20/03/2025 16:43:43,4.6,0.1222222222222222,0.9999999999999999,642034688,0.00981101934362144,0.009591260434917441,642032640,622366720,0.008499656211665133,0.010379496515788149,545166677.3333333,216.31944444444449,634568704,0.009791887704802176,223.1132075471698,0.5393654595678677,0.009750178405765975,0.01002209624317802,1.2925925925925927,632809472,NaN,0.4388888888888889,0,0.009375932590191028,0.009886310216559911,0.011088220233596296,0.0297431887599254,695160832,721259520,534965248,59581440,646774784,676308309.3333333,8.683333333333334
20/03/2025 16:44:13,4.6,0.15185185185185185,0.976068376068376,639618048,0.009769763020603776,0.009855410169087295,642041856,622383104,0.009835141832879818,0.010655541614387186,544914432,201.20370370370375,635407360,0.00964151821812634,219.43609022556393,0.5387400427756645,0.010168542536817062,0.013288752416693021,1.3407407407407406,632619008,NaN,0.4555555555555555,0,0.009791534744210817,0.009749849015581487,0.010974806558580753,0.029334861630825673,695738368,720374784,535018496,60122112,646705152,676671488,8.392857142857142
20/03/2025 16:44:43,4.6,0.17407407407407405,0.9914529914529913,637188778.6666667,0.00972552601461779,0.010113975198550382,642014208,622400512,0.010329634450350627,0.009868728867771225,544675840,208.83720930232556,635985920,0.009649233609445331,215.92105263157896,0.5385202724795699,0.010122243981104978,0.01273364380849431,1.3,632143872,NaN,0.40555555555555556,0,0.009443734149356973,0.009953138595400006,0.011511592190523013,0.029229711636459724,695973888,720254293.3333334,535146496,60684288,646784000,676827136,8.576923076923077
20/03/2025 16:45:13,4.6,0.15185185185185185,0.9846153846153844,637360128,0.009639008735200093,0.008341778184153631,642043904,622408499.2,0.010420830130671003,0.00985880131477977,544770048,208.58333333333337,636170240,0.00994645754462,216.88461538461536,0.5379266460159456,0.010158262438773413,0.012964119619298031,1.2851851851851852,631891968,NaN,0.43904789438180597,0,0.009681562845868458,0.010135980629538232,0.011616530210639842,0.030185386254876996,696086528,719846400,535200768,61073408,646924288,676201813.3333334,8.606631768058481
20/03/2025 16:45:43,4.6,0.1962962962962963,1.0153846153846153,636291754.6666667,0.010025649099012487,0.009931241510454308,642054826.6666666,622413824,0.005156733333334765,0.006919674298339529,544727040,209.63350785340316,636276736,0.008207710657766735,215.1063829787234,0.5388640519787353,0.005360333333328526,0.012487802917651057,1.3777777777777775,631962282.6666666,NaN,0.40555555555555556,0,0.007794308888014854,0.00785794375685091,0.009324618412490328,0.030432749833814172,695941120,718826496,535378944,61225642.66666667,646989141.3333334,674834432,8.41304347826087
