timestamp,unique-id-service-memory,media-service-cpu,user-timeline-service-read-latency,user-mention-service-memory,url-shorten-service-latency,url-shorten-service-memory,post-storage-service-read-latency,social-graph-service-latency,compose-post-service-cpu,post-storage-service-memory,user-service-memory,text-service-latency,user-service-cpu,home-timeline-service-cpu,user-service-latency,user-timeline-service-cpu,user-mention-service-cpu,media-service-latency,unique-id-service-latency,social-graph-service-cpu,user-timeline-service-write-latency,media-service-memory,user-mention-service-latency,text-service-memory,user-timeline-service-memory,unique-id-service-cpu,home-timeline-service-read-latency,compose-post-service-latency,url-shorten-service-cpu,post-storage-service-cpu,text-service-cpu,post-storage-service-write-latency,social-graph-service-memory,compose-post-service-memory,home-timeline-service-write-latency,home-timeline-service-memory
25/02/2025 16:09:11,35705.907092334164,0.0025560306762723696,8.861111111111107,25679.109342589847,6.8749999999999005,81477.45029178914,7.7499999999999885,4.955919395465994,0.009809674590802803,61816.54225740193,24361.718385368695,24.166666666666536,0.003091350661473457,0.009532590710438056,0,0.007237120365799797,0.004564962113194769,0,0,0.004104807112409384,4.9400369003690034,35445.07214839541,6.590909090909047,68203.85918154326,84794.6099954102,0.002668272478174981,4.926311188811191,166.56250000000165,0.004653217484803552,0.006142628124843445,0.005690015388868025,6.249999999999933,72999.11792338653,73294.88178747726,4.98828125,113950.31202357964
25/02/2025 16:09:41,35769.51199857493,0.0025319037831695737,9.400000000000018,25424.646488402468,5.1250000000000195,73799.04426658276,7.8999999999999915,4.973389355742297,0.009066534335670244,62975.633962740234,205.26441072927497,18.304545454545565,0.0030889554283232467,0.009060328521227486,0,0.006769317935241217,0.004370365081831585,0,0,0.0039032285811360042,4.928378378378379,35146.31374908094,7.350000000000001,67445.99280340204,78278.62831609487,0.002643083748271678,4.945648148148148,124.64285714285785,0.004496898782718138,0.005711072795323606,0.005368776578344786,4.917826086956524,51332.77996877648,40548.28955148238,6.872727272727234,81062.67693135384
25/02/2025 16:10:11,35769.51199857493,0.0025319037831695737,9.400000000000018,25424.646488402468,5.1250000000000195,73799.04426658277,7.8999999999999915,4.973389355742297,0.009066534335670244,62975.633962740234,205.26441072927497,18.304545454545565,0.0030889554283232467,0.009060328521227486,0,0.006769317935241217,0.004370365081831585,0,0,0.0039032285811360042,4.928378378378379,35146.31374908094,7.350000000000001,67445.99280340204,78278.62831609487,0.002643083748271678,4.945648148148148,124.64285714285785,0.004496898782718139,0.005711072795323606,0.005368776578344786,4.917826086956524,51332.77996877648,40548.28955148238,6.872727272727234,81062.67693135384
25/02/2025 16:10:41,35883.33368686762,0.0025226375676936502,9.364285714285698,25829.550132189248,4.991170212765957,74847.84264617325,9.124999999999996,4.96058495821727,0.008814017634322956,59544.04410821901,25292.5526485898,16.344999999999942,0.0030968555438369693,0.008615424209706977,0,0.0067063991094798246,0.0041731657945995515,0,0,0.003793832453539035,4.914847161572052,17263.631016368174,7.584999999999971,69170.98066582868,125165.18891319577,0.002608332095963347,4.8947026022304785,123.0624999999983,0.004345340123710357,0.005570221342479802,0.005124711500868129,4.957894736842104,52113.228221829915,78529.93640288625,6.2388888888888605,42114.947146408216
25/02/2025 16:11:11,35883.33368686762,0.0025226375676936502,9.364285714285698,25829.550132189248,4.991170212765957,74847.84264617325,9.124999999999996,4.96058495821727,0.008814017634322956,59544.04410821901,25292.5526485898,16.344999999999942,0.0030968555438369693,0.008615424209706977,0,0.0067063991094798246,0.0041731657945995515,0,0,0.003793832453539035,4.914847161572052,17263.631016368174,7.584999999999971,69170.98066582868,125165.18891319577,0.002608332095963347,4.8947026022304785,123.0624999999983,0.004345340123710357,0.005570221342479802,0.005124711500868129,4.957894736842104,52113.228221829915,78529.93640288625,6.2388888888888605,42114.947146408216
25/02/2025 16:11:41,35186.742489037606,0.002572864061549876,9.256521739130433,48922.4066992594,4.999377593360998,76550.91305021572,7.5499999999999945,4.947272727272726,0.00918764211149149,32200.079819076756,25635.520403270635,15.372727272727293,0.003133197269097436,0.009017426784955465,0,0.007168116221149341,0.004390608612872516,0,0,0.003960196797680259,4.927959183673469,36212.302211948576,7.46999999999999,45113.78111505575,85483.85938956759,0.0026438629356274764,4.877925531914893,192.62499999999963,0.004398777434324812,0.005751392676599703,0.00545006679549141,158.20000000000036,47378.486939574235,114963.59409999578,6.46999999999999,41790.84389173627
25/02/2025 16:12:11,35186.742489037606,0.002572864061549876,9.256521739130433,48922.40669925941,4.999377593360998,76550.91305021572,7.5499999999999945,4.947272727272726,0.00918764211149149,32200.079819076756,25635.520403270635,15.372727272727293,0.003133197269097436,0.009017426784955462,0,0.007168116221149341,0.0043906086128725165,0,0,0.003960196797680259,4.927959183673469,36212.302211948576,7.46999999999999,45113.78111505575,85483.85938956759,0.0026438629356274764,4.877925531914893,192.62499999999963,0.004398777434324812,0.005751392676599703,0.00545006679549141,158.20000000000036,47378.486939574235,114963.59409999578,6.46999999999999,41790.84389173626
25/02/2025 16:12:41,34429.57812570132,0.00261530237568021,9.305000000000028,50662.98942793865,8.07499999999995,52282.801209428915,7.7499999999999885,4.949649532710279,0.00933526284553593,60943.91585957646,50426.1505317976,17.012500000000003,0.0031570117555257734,0.009134081433892624,0,0.007304828076270184,0.0043747398771467995,0,0,0.004012101953607075,4.939189189189189,16958.76094642807,6.84499999999997,44907.10710548304,39891.16892345347,0.002689325221464627,4.839726027397261,228.50000000000043,0.004568704579202288,0.0058036506872956905,0.005520714523286095,163.7500000000022,25515.53566781124,114064.0458736302,6.6863636363636285,41291.73358849059
25/02/2025 16:13:11,34429.57812570132,0.00261530237568021,9.305000000000028,50662.98942793865,8.07499999999995,52282.801209428915,7.7499999999999885,4.949649532710279,0.00933526284553593,60943.91585957646,50426.1505317976,17.012500000000003,0.0031570117555257734,0.009134081433892624,0,0.007304828076270184,0.0043747398771467995,0,0,0.004012101953607075,4.939189189189189,16958.76094642807,6.84499999999997,44907.10710548304,39891.16892345347,0.002689325221464627,4.839726027397261,228.50000000000043,0.004568704579202288,0.0058036506872956905,0.005520714523286095,163.7500000000022,25515.53566781124,114064.0458736302,6.6863636363636285,41291.73358849059
25/02/2025 16:13:41,33641.633211788394,0.0025867483172889562,9.188235294117627,25662.82314182943,5.909999999999952,81412.80879760766,7.450000000000005,4.943429844097996,0.009463413118326798,33188.54777739763,72809.03598634095,16.29999999999991,0.003100128053585502,0.009131047256047266,0,0.0074542928191257355,0.004423303190237672,0,0,0.0040119912243879625,4.952336448598132,34155.31392148579,6.18749999999999,46044.004060370855,83967.82130704127,0.002666893479400733,4.95186440677966,226.21428571428413,0.004540265366435438,0.005916252910203028,0.005410013910529813,171.2499999999994,23957.864389865274,111989.72476456038,4.991421947449767,40516.64851664852
25/02/2025 16:14:11,33641.633211788394,0.0025867483172889562,9.188235294117627,25662.82314182943,5.909999999999952,81412.80879760766,7.450000000000005,4.943429844097996,0.009463413118326798,33188.54777739763,72809.03598634095,16.29999999999991,0.003100128053585502,0.009131047256047263,0,0.0074542928191257355,0.004423303190237672,0,0,0.0040119912243879625,4.952336448598132,34155.31392148579,6.18749999999999,46044.004060370855,83967.82130704127,0.002666893479400733,4.95186440677966,226.21428571428413,0.004540265366435438,0.005916252910203028,0.005410013910529813,171.2499999999994,23957.864389865274,111989.72476456038,4.991421947449767,40516.648516648514
25/02/2025 16:14:41,18558.715174337874,0.0025575994717262815,9.300000000000022,48730.721430553705,69.75000000000128,52869.400299723144,16.74999999999998,4.943369565217392,0.009679116283374983,33972.726494995295,48043.75309363259,68.25000000000009,0.0030797934062010575,0.009332289047530506,0,0.007512141675966727,0.004517731095478835,0,0,0.004029849683875557,4.971478873239436,34288.311123689055,4.989710884353741,45384.02546546938,41557.58844565367,0.002658911629546518,4.938667820069204,343.2499999999997,0.004628741247491723,0.005966066387201645,0.005586690872973876,68.99999999999766,25896.914123016366,77222.86454783364,4.99050822122571,39175.415760496086
25/02/2025 16:15:11,18558.715174337878,0.0025575994717262815,9.300000000000022,48730.721430553705,69.75000000000128,52869.400299723144,16.74999999999998,4.943369565217392,0.009679116283374983,33972.726494995295,48043.75309363259,68.25000000000009,0.0030797934062010575,0.009332289047530506,0,0.007512141675966727,0.004517731095478835,0,0,0.004029849683875557,4.971478873239436,34288.311123689055,4.989710884353741,45384.02546546938,41557.58844565367,0.002658911629546519,4.938667820069204,343.2499999999997,0.004628741247491723,0.005966066387201645,0.005586690872973876,68.99999999999766,25896.914123016366,77222.86454783364,4.99050822122571,39175.415760496086
25/02/2025 16:15:41,35606.65810059139,0.002496217857932263,9.71764705882353,48782.92646567041,190.7499999999913,27745.462650170655,19.450000000000028,4.945444191343962,0.009175035922415998,33112.073862432066,49740.85412262157,190.7499999999913,0.0030241099365750554,0.008895905796953358,0,0.006955604896831679,0.004348324113506608,0,0,0.003899292202625647,4.9741219963031424,17168.239830376657,4.9754385964912275,66968.63869201878,80568.4757426955,0.002602225784444622,4.975996376811593,257.4999999999977,0.004441227498983935,0.005620967536816766,0.005285647865514685,4.8272727272727245,50140.83012863014,76546.39153537252,4.9936495176848865,39878.003621307675
25/02/2025 16:16:11,35606.65810059139,0.002496217857932263,9.71764705882353,48782.92646567041,190.7499999999913,27745.462650170655,19.450000000000028,4.945444191343962,0.009175035922415998,33112.073862432066,49740.85412262157,190.7499999999913,0.0030241099365750554,0.008895905796953358,0,0.006955604896831679,0.004348324113506608,0,0,0.003899292202625647,4.9741219963031424,17168.239830376657,4.9754385964912275,66968.63869201878,80568.4757426955,0.002602225784444622,4.975996376811593,257.4999999999977,0.004441227498983935,0.005620967536816766,0.005285647865514685,4.8272727272727245,50140.83012863014,76546.39153537252,4.9936495176848865,39878.003621307675
25/02/2025 16:16:41,17974.01698414072,0.002461975461879984,9.81041666666668,51267.67367518697,48.87499999999996,26629.63055813215,18.699999999999974,4.940951276102088,0.009388010288644319,33475.70345323982,48288.12675738358,48.12500000000037,0.003061662869691934,0.00910840048480085,0,0.0069463631584656535,0.004402813261432306,0,0,0.0039278011604606455,4.989579524680073,36281.76740431478,4.973589743589743,47715.63000790581,84385.60449921981,0.0026016267197369533,6.446551724137877,142.00000000000279,0.004386104774081411,0.005802183592507661,0.0054260464519988874,4.675909090909087,72930.36431382332,42348.52992392614,4.975352112676056,4947.589098532494
25/02/2025 16:17:11,17974.01698414072,0.002461975461879984,9.81041666666668,51267.67367518697,48.87499999999996,26629.63055813215,18.699999999999974,4.940951276102088,0.009388010288644319,33475.70345323982,48288.12675738359,48.12500000000037,0.0030616628696919345,0.009108400484800851,0,0.0069463631584656535,0.004402813261432306,0,0,0.0039278011604606455,4.989579524680073,36281.76740431478,4.973589743589743,47715.63000790581,84385.60449921981,0.0026016267197369533,6.446551724137877,142.00000000000279,0.004386104774081411,0.005802183592507661,0.0054260464519988874,4.675909090909087,72930.36431382332,42348.52992392614,4.975352112676056,4947.589098532495
25/02/2025 16:17:41,36630.06627854135,0.0024782221959918065,9.721153846153854,73638.86345775233,66.00000000000182,26205.73132085726,17.199999999999985,4.940044742729307,0.00973214115071539,32098.685448313663,49187.155710037274,66.00000000000182,0.0030481556305656282,0.009469493378179523,0,0.007182386431028343,0.004493364498853569,0,0,0.003983012967589524,4.979012345679013,35328.505062938944,4.955481727574751,50384.805039018756,83092.46036452772,0.0026454183779334476,4.995447019867546,182.00000000000313,0.004522552439867488,0.0060211293528675556,0.005640602522165218,4.679130434782611,102575.77457128772,83584.57488858579,4.974469696969697,44826.100483498
25/02/2025 16:18:11,36630.06627854135,0.0024782221959918065,9.721153846153854,73638.86345775233,66.00000000000182,26205.73132085726,17.199999999999985,4.940044742729307,0.00973214115071539,32098.685448313663,49187.155710037274,66.00000000000182,0.0030481556305656282,0.009469493378179523,0,0.007182386431028343,0.004493364498853569,0,0,0.003983012967589525,4.979012345679013,35328.505062938944,4.955481727574751,50384.805039018756,83092.46036452772,0.0026454183779334476,4.995447019867546,182.00000000000313,0.004522552439867488,0.0060211293528675556,0.005640602522165218,4.679130434782611,102575.77457128775,83584.57488858579,4.974469696969697,44826.100483498
25/02/2025 16:18:41,51678.19929061476,0.002496204442527495,10.37499999999966,51184.93547980329,4.993082311733802,26785.427416743416,15.400000000000023,4.98054347826087,0.009868106118345312,63613.38775510205,49972.64369280422,16.83571428571439,0.003087109582351319,0.009743367485560534,0,0.007431729507479669,0.004623811525366737,0,0,0.004087129854930917,4.967301038062285,36092.85313780462,4.954337539432177,71938.72235069591,89186.80780334177,0.0026478479117318563,4.993730650154795,42.974999999999994,0.004637716631130961,0.006375379591836729,0.005755456788425333,4.636111111111111,76180.75119347316,113978.88660061295,5.828571428571372,47243.45074804772
25/02/2025 16:19:11,51678.19929061476,0.002496204442527495,10.37499999999966,51184.93547980329,4.993082311733802,26785.427416743416,15.400000000000023,4.98054347826087,0.009868106118345312,63613.38775510205,49972.64369280422,16.83571428571439,0.003087109582351319,0.009743367485560534,0,0.007431729507479669,0.004623811525366737,0,0,0.004087129854930917,4.967301038062285,36092.85313780462,4.954337539432177,71938.72235069591,89186.80780334177,0.0026478479117318563,4.993730650154795,42.974999999999994,0.004637716631130961,0.006375379591836729,0.005755456788425333,4.636111111111111,76180.75119347316,113978.88660061295,5.828571428571372,47243.45074804772
25/02/2025 16:19:41,50229.54528256046,0.00255996575356362,9.895454545454546,52419.073839072546,5.170000000000097,50473.70683479008,13.900000000000132,4.980977130977131,0.010517268509836863,64245.32319889919,71314.91578328637,16.255000000000088,0.003112941605691467,0.010027086627453467,0,0.00790414632295277,0.004880773449766636,0,0,0.0042442846470744965,4.961003236245956,34037.906422829874,5.1285714285714326,72458.57836537209,86315.56578714361,0.0027003174299722386,4.957308248914615,44.833333333333016,0.00483839216060881,0.006604949546243811,0.006212272304792353,4.5916666666666615,52698.41547219104,116533.83991977236,4.994278283485045,84937.1871903527
25/02/2025 16:20:11,50229.54528256046,0.00255996575356362,9.895454545454546,52419.073839072546,5.170000000000097,50473.70683479008,13.900000000000132,4.980977130977131,0.010517268509836863,64245.32319889919,71314.91578328637,16.255000000000088,0.003112941605691467,0.010027086627453467,0,0.00790414632295277,0.004880773449766636,0,0,0.0042442846470744965,4.961003236245956,34037.906422829874,5.1285714285714326,72458.57836537209,86315.56578714361,0.0027003174299722386,4.957308248914615,44.833333333333016,0.00483839216060881,0.006604949546243811,0.006212272304792353,4.5916666666666615,52698.41547219104,116533.83991977236,4.994278283485045,84937.1871903527
25/02/2025 16:20:41,54365.66556167208,0.0026105641341724497,9.705882352941194,51270.780444891294,6.616666666666665,50324.59554364799,13.75,4.9791152263374485,0.010814802951621745,33182.430922616266,49611.588863303325,21.18749999999999,0.0031681683064684915,0.010238553265217724,0,0.00822566792273484,0.0049090486364207556,0,0,0.004266236038100573,4.9374804381846635,34148.835398689414,7.489285714285663,70358.30706510319,87028.0069253488,0.002752100423748909,4.86657223796034,56.000000000000696,0.005026807866388703,0.006811698363106722,0.006223960828815198,4.690265486725663,26529.471962494204,111862.2042672795,4.9995597484276715,81943.65599069143
25/02/2025 16:21:11,54365.66556167207,0.0026105641341724497,9.705882352941194,51270.780444891294,6.616666666666665,50324.59554364799,13.75,4.9791152263374485,0.010814802951621745,33182.430922616266,49611.588863303325,21.18749999999999,0.0031681683064684915,0.010238553265217724,0,0.00822566792273484,0.0049090486364207556,0,0,0.004266236038100573,4.9374804381846635,34148.835398689414,7.489285714285663,70358.30706510319,87028.0069253488,0.0027521004237489087,4.86657223796034,56.000000000000696,0.005026807866388703,0.006811698363106722,0.006223960828815198,4.690265486725663,26529.471962494204,111862.2042672795,4.9995597484276715,81943.65599069143
25/02/2025 16:21:41,53694.6514069181,0.002633136835200496,9.583333333333343,52067.870176881246,14.050000000000384,26454.887930821293,14.349999999999937,4.982871287128711,0.010995927395849134,67552.8541625565,51507.90836722634,24.240000000000137,0.0032782702402057913,0.010391005842819693,0,0.00835172153051668,0.005036702964127824,0,0,0.004348184293487913,4.951021897810221,18365.5728366505,7.584375000000003,44956.63157227873,88252.34793218707,0.0027562195423782333,4.83665749656121,66.20000000000084,0.005167155775746238,0.006931583211252935,0.006356980800373774,4.667672413793106,338.47463299549224,111323.72411700351,5.156249999999992,39634.08083305482
25/02/2025 16:22:11,53694.651406918085,0.002633136835200496,9.583333333333343,52067.870176881246,14.050000000000384,26454.887930821293,14.349999999999937,4.982871287128711,0.010995927395849134,67552.8541625565,51507.90836722634,24.240000000000137,0.0032782702402057913,0.010391005842819693,0,0.00835172153051668,0.005036702964127824,0,0,0.004348184293487913,4.951021897810221,18365.5728366505,7.584375000000003,44956.63157227873,88252.34793218707,0.0027562195423782325,4.83665749656121,66.20000000000084,0.005167155775746238,0.006931583211252935,0.006356980800373774,4.667672413793106,338.47463299549224,111323.72411700351,5.156249999999992,39634.08083305482
25/02/2025 16:22:41,34499.45283073001,0.002637154254892205,9.19677419354837,77342.76191562433,64.37499999999953,51261.7710930588,8.883333333333324,4.9413827655310625,0.011241001506801235,66926.62381028471,48380.45466422786,64.37499999999953,0.0032666212111314365,0.010464339223287123,0,0.00832313125608727,0.005067237788676411,0,0,0.004407599802704208,4.944491525423729,33781.00268087907,7.691176470588251,45895.6923437873,84245.89747996825,0.0027862596984216123,4.83133423180593,111.2500000000052,0.005194615137135046,0.006876687521254068,0.006447221199703889,4.711851851851847,897.9150845161947,77731.59122339876,4.977038369304557,40392.74814303948
25/02/2025 16:23:11,34499.45283073001,0.002637154254892205,9.19677419354837,77342.76191562433,64.37499999999953,51261.7710930588,8.883333333333324,4.9413827655310625,0.011241001506801235,66926.62381028471,48380.45466422786,64.37499999999953,0.0032666212111314365,0.010464339223287123,0,0.00832313125608727,0.005067237788676411,0,0,0.004407599802704208,4.944491525423729,33781.00268087907,7.691176470588251,45895.6923437873,84245.89747996825,0.0027862596984216123,4.83133423180593,111.2500000000052,0.005194615137135046,0.006876687521254068,0.006447221199703889,4.711851851851847,897.9150845161947,77731.59122339876,4.977038369304557,40392.74814303948
25/02/2025 16:23:41,35371.95447531838,0.0026847002954925353,9.392500000000002,73415.08646966342,91.49999999999979,27189.27911737849,9.149999999999993,4.923353293413173,0.011216893822485603,98563.03980837697,26282.879107970934,91.49999999999979,0.0033170402447469673,0.010825188133590404,0,0.0082983861331883,0.005021140148233709,0,0,0.00443973205044341,4.951873198847262,54849.56068945349,6.185714285714283,46172.03209099219,84667.77910996297,0.0027604951040365953,4.822608125819135,201.2500000000096,0.005233076624789954,0.007050607610148505,0.006427399207880579,4.766433566433564,26081.395059990562,42103.9599894527,4.9777845777233765,43560.9179675353
25/02/2025 16:24:11,35371.95447531838,0.0026847002954925353,9.392500000000002,73415.08646966342,91.49999999999979,27189.27911737849,9.149999999999993,4.923353293413173,0.011216893822485603,98563.03980837697,26282.879107970934,91.49999999999979,0.0033170402447469673,0.010825188133590404,0,0.0082983861331883,0.005021140148233709,0,0,0.00443973205044341,4.951873198847262,54849.56068945349,6.185714285714283,46172.03209099218,84667.77910996297,0.0027604951040365953,4.822608125819135,201.2500000000096,0.005233076624789954,0.007050607610148505,0.0064273992078805785,4.766433566433564,26081.395059990562,42103.9599894527,4.9777845777233765,43560.9179675353
25/02/2025 16:24:41,35545.969263952546,0.002653693054241531,9.411764705882371,70970.2575446604,92.58333333333238,54270.8379206965,9.124999999999996,4.952980769230768,0.01122582581820796,106712.7625659736,25511.308342091947,92.9166666666661,0.003273216811345974,0.010735801866389135,0,0.0082588999365348,0.005118701099423223,0,0,0.0044555227248519605,4.97225392296719,36573.50139298841,4.97434036939314,45311.66725017002,88748.11085254919,0.0026949523119439204,4.83111254851229,203.75000000000009,0.005201769169532006,0.007048147426587789,0.0065357446106422985,4.8929629629629625,48507.793237576385,40782.84141499981,4.995066185318892,86253.18309714388
25/02/2025 16:25:11,35545.969263952546,0.002653693054241531,9.411764705882371,70970.2575446604,92.58333333333238,54270.8379206965,9.124999999999996,4.952980769230768,0.01122582581820796,106712.76256597356,25511.308342091947,92.9166666666661,0.003273216811345974,0.010735801866389139,0,0.0082588999365348,0.005118701099423223,0,0,0.0044555227248519605,4.97225392296719,36573.50139298841,4.97434036939314,45311.66725017002,88748.11085254919,0.0026949523119439204,4.83111254851229,203.75000000000009,0.005201769169532006,0.007048147426587788,0.0065357446106422985,4.8929629629629625,48507.793237576385,40782.84141499981,4.995066185318892,86253.18309714389
25/02/2025 16:25:41,34195.79898618556,0.002638066147466371,9.353333333333325,52666.62658363754,203.49999999999898,53674.4037675344,9.149999999999993,4.945188284518828,0.010810448703359373,68583.02078333595,225.3902678541194,204.62499999999633,0.0032492042260675244,0.010496543611241815,0,0.008121177869074675,0.004968632166630877,0,0,0.004311072056239014,4.959394409937889,33954.501871143926,4.9693033381712635,46393.110857561645,89366.96210715105,0.0026390634362803062,4.84081081081081,298.12499999999903,0.005018090545066861,0.006970882941353873,0.006314262990014412,4.952325581395352,52725.31184362809,41897.32512850462,4.992426187419768,85767.72040894898
25/02/2025 16:26:11,34195.79898618556,0.002638066147466371,9.353333333333325,52666.62658363754,203.49999999999898,53674.4037675344,9.149999999999993,4.945188284518828,0.010810448703359373,68583.02078333595,225.3902678541194,204.62499999999633,0.0032492042260675244,0.010496543611241815,0,0.008121177869074675,0.004968632166630877,0,0,0.004311072056239014,4.959394409937889,33954.501871143926,4.9693033381712635,46393.110857561645,89366.96210715105,0.0026390634362803062,4.84081081081081,298.12499999999903,0.005018090545066861,0.006970882941353873,0.006314262990014412,4.952325581395352,52725.31184362809,41897.32512850462,4.992426187419768,85767.72040894898
25/02/2025 16:26:41,36252.45745352418,0.002714645268140861,9.236666666666657,52201.959076131985,91.3333333333353,53225.47757926228,9.075000000000003,4.952091254752854,0.01126672780353192,34666.229844213995,25623.382218622366,93.56249999999943,0.0033150860806176446,0.010537161833075053,0,0.00818506057663895,0.005084206276692939,0,0,0.004331301819081792,4.961467889908259,18267.988715349475,4.9581137309292656,23879.786037213467,135057.85807758875,0.0026858710915860368,4.840077319587629,239.69999999999914,0.005077971186469003,0.007214101804832772,0.006574767781788069,24.40000000000243,80356.67438612618,40129.83450979733,4.993695380774033,129563.09054682314
25/02/2025 16:27:11,36252.45745352418,0.002714645268140861,9.236666666666657,52201.959076131985,91.3333333333353,53225.47757926228,9.075000000000003,4.952091254752854,0.01126672780353192,34666.229844213995,25623.382218622366,93.56249999999943,0.0033150860806176446,0.010537161833075053,0,0.00818506057663895,0.005084206276692939,0,0,0.004331301819081792,4.961467889908259,18267.988715349475,4.9581137309292656,23879.786037213467,135057.85807758875,0.0026858710915860368,4.840077319587629,239.69999999999914,0.005077971186469003,0.007214101804832772,0.006574767781788069,24.40000000000243,80356.67438612618,40129.83450979733,4.993695380774033,129563.09054682314
25/02/2025 16:27:41,36265.95389241564,0.002821243911425667,8.547727272727268,27074.118181272974,62.87500000000181,55997.788008725074,8.125000000000012,4.957375643224702,0.011772674083299217,35547.310963483265,47326.88615914875,75.2500000000003,0.0034002925675811063,0.011005992894850426,0,0.008696993197103067,0.005378862910066054,0,0,0.004485987101595109,4.951192145862553,16999.016110681474,4.948177083333334,25201.056698591354,140311.56320145453,0.002827721949506115,4.85736301369863,220.10000000000076,0.005272110037788185,0.007525328989125376,0.006849687206890912,25.50000000000064,51458.02923581833,39679.24039417926,4.982296650717704,120915.5682459577
25/02/2025 16:28:11,36265.95389241564,0.002821243911425667,8.547727272727268,27074.118181272974,62.87500000000181,55997.788008725074,8.125000000000012,4.957375643224702,0.011772674083299217,35547.310963483265,47326.88615914875,75.2500000000003,0.0034002925675811063,0.011005992894850426,0,0.008696993197103067,0.005378862910066054,0,0,0.004485987101595109,4.951192145862553,16999.016110681474,4.948177083333334,25201.056698591354,140311.56320145453,0.002827721949506115,4.85736301369863,220.10000000000076,0.005272110037788185,0.007525328989125376,0.006849687206890912,25.50000000000064,51458.02923581833,39679.24039417926,4.982296650717704,120915.5682459577
25/02/2025 16:28:41,34448.49626369127,0.002929482306896104,8.497916666666669,51533.913506719444,4.99648382559775,27263.83177173867,8.78333333333333,4.9307817589576555,0.012372814041381072,64941.18400512348,69574.58925233278,22.500000000000178,0.0034396676158099386,0.011323263475430665,0,0.009044946186735183,0.005464213623669744,0,0,0.0046105076498346555,4.935020519835842,33618.838142062355,4.946808510638298,49262.47273482671,177525.82826091535,0.0029568021291841544,4.866225839267546,191.07142857142944,0.005364607622843091,0.007709214265700684,0.0071536543987812855,4.867424242424246,25662.4996323205,80113.08265539256,4.955363528009535,115609.4943240454
25/02/2025 16:29:11,34448.49626369127,0.002929482306896104,8.497916666666669,51533.913506719444,4.99648382559775,27263.83177173867,8.78333333333333,4.9307817589576555,0.012372814041381072,64941.18400512348,69574.58925233278,22.500000000000178,0.0034396676158099386,0.011323263475430665,0,0.009044946186735183,0.005464213623669744,0,0,0.004610507649834655,4.935020519835842,33618.838142062355,4.946808510638298,49262.47273482671,177525.82826091535,0.0029568021291841544,4.866225839267546,191.07142857142944,0.005364607622843091,0.007709214265700684,0.0071536543987812855,4.867424242424246,25662.499632320498,80113.08265539256,4.955363528009535,115609.4943240454
25/02/2025 16:29:41,36053.21534378604,0.00301904105070617,8.452272727272728,76556.90613279142,4.971504660452729,28350.280517127223,9.075000000000003,4.930642750373692,0.012575451242503567,65560.87422466144,71617.10655491639,9.299999999999942,0.0034639475541780543,0.017670207509881432,0,0.009010551715676251,0.005637827870394762,0,0,0.004758314198948229,4.938624338624338,35706.18951949727,4.945023696682464,50869.791782256885,170818.82949572615,0.003050475688236632,70.19166666666656,196.75,0.005450243056765519,0.007805523982723351,0.0072983670153977265,4.952941176470586,49906.821716909864,39463.12858694611,74.31818181818196,163654.67027251923
25/02/2025 16:30:11,36053.21534378604,0.00301904105070617,8.452272727272728,76556.90613279142,4.971504660452729,28350.280517127223,9.075000000000003,4.930642750373692,0.012575451242503567,65560.87422466144,71617.10655491639,9.299999999999942,0.0034639475541780543,0.017670207509881436,0,0.009010551715676251,0.005637827870394762,0,0,0.004758314198948229,4.938624338624338,35706.18951949727,4.945023696682464,50869.79178225688,170818.82949572615,0.003050475688236632,70.19166666666656,196.75,0.005450243056765519,0.007805523982723351,0.007298367015397725,4.952941176470586,49906.821716909864,39463.12858694611,74.31818181818196,163654.67027251926
25/02/2025 16:30:41,35176.97995963453,0.0029987641257199155,8.192105263157899,50161.892492881816,4.9799450549450555,27695.268617551177,9.225000000000001,4.931490015360983,0.012348140874138682,71070.53812184923,72129.95392081903,10.524999999999844,0.0034435622028056324,0.0411740578397042,0,0.009105276699935676,0.005563583625308733,0,0,0.004761794009491786,4.9460490463215265,34293.52418032455,4.945939393939394,69768.1190240551,130496.09694353952,0.0030468138917502034,91.55645161290317,186.4642857142848,0.005333252788340477,0.007586080824659897,0.007099917389846313,4.927272727272728,47712.8579061508,78365.43390699377,90.70833333333331,115346.3770600191
25/02/2025 16:31:11,35176.97995963453,0.0029987641257199155,8.192105263157899,50161.892492881816,4.9799450549450555,27695.268617551177,9.225000000000001,4.931490015360983,0.012348140874138682,71070.53812184923,72129.95392081903,10.524999999999844,0.0034435622028056324,0.0411740578397042,0,0.009105276699935676,0.005563583625308733,0,0,0.004761794009491786,4.9460490463215265,34293.52418032455,4.945939393939394,69768.1190240551,130496.09694353952,0.0030468138917502034,91.55645161290317,186.4642857142848,0.005333252788340477,0.007586080824659897,0.007099917389846313,4.927272727272728,47712.8579061508,78365.43390699377,90.70833333333331,115346.3770600191
25/02/2025 16:31:41,34668.35449321767,0.0029631139021221342,8.257894736842106,49647.67653415497,4.966320885200553,25960.082281647854,9.430000000000003,4.933408408408408,0.012010406696555993,71943.49935515568,50619.7282527802,4.989375000000001,0.003389912607114762,0.06433362421878006,0,0.00886369789898609,0.0054897410954499425,0,0,0.004707484998076151,4.947184986595174,36933.183196188824,4.946698679471789,49258.19028811586,128374.31339749122,0.0029987134459378366,95.83737864077666,224.76470588235313,0.00524474422003193,0.007351545433010763,0.006978463044542334,4.968115942028985,49728.35261274979,79113.12612294931,94.59146341463416,159008.25173568778
25/02/2025 16:32:11,34668.35449321767,0.0029631139021221342,8.257894736842106,49647.67653415497,4.966320885200553,25960.082281647854,9.430000000000003,4.933408408408408,0.012010406696555993,71943.49935515568,50619.7282527802,4.989375000000001,0.003389912607114762,0.06433362421878006,0,0.008863697898986087,0.0054897410954499425,0,0,0.004707484998076151,4.947184986595174,36933.183196188824,4.946698679471789,49258.19028811586,128374.31339749119,0.0029987134459378366,95.83737864077666,224.76470588235313,0.00524474422003193,0.007351545433010763,0.006978463044542334,4.968115942028985,49728.35261274979,79113.12612294931,94.59146341463416,159008.25173568778
25/02/2025 16:32:41,36773.247673173544,0.0029475813407151288,8.675000000000002,51588.651880751444,4.989712230215827,52533.24904568552,9.571428571428571,4.9349537037037035,0.01191850207635414,36340.89872070032,51411.191016088975,21.699999999999953,0.0033986567325342875,0.08889000874235042,0,0.008658123525807629,0.005370662821763282,0,0,0.00469360872855168,4.9483310152990265,35260.16707600562,4.9461685823754795,47533.79022670189,85015.87021901143,0.0029827812674755824,97.37408759124091,296.66666666666976,0.00507445679042363,0.007413655721359408,0.006842684228251915,217.75000000000045,76757.68630816253,77062.73292434208,96.02358490566039,188934.2719165175
25/02/2025 16:33:11,36773.247673173544,0.0029475813407151288,8.675000000000002,51588.651880751444,4.989712230215827,52533.24904568552,9.571428571428571,4.9349537037037035,0.01191850207635414,36340.89872070032,51411.191016088975,21.699999999999953,0.0033986567325342875,0.08889000874235042,0,0.008658123525807629,0.005370662821763282,0,0,0.00469360872855168,4.9483310152990265,35260.16707600562,4.9461685823754795,47533.79022670189,85015.87021901143,0.0029827812674755824,97.37408759124091,296.66666666666976,0.00507445679042363,0.007413655721359408,0.006842684228251915,217.75000000000045,76757.68630816253,77062.73292434208,96.02358490566039,190894.30082011572
25/02/2025 16:33:41,34505.08854225843,0.0029880500514668056,9.001785714285713,25702.11773719406,4.98808864265928,76326.41086027389,9.592857142857145,4.934436090225564,0.012277942379863984,39841.63822525597,50578.8335834372,4.9900115473441105,0.0034274147739315475,0.09994798693360588,0,0.009039086912550827,0.005489602851408639,0,0,0.0048255943688425345,4.948466666666666,34964.48790530108,4.946638141809291,46722.741137610035,86365.06160863553,0.003011828628934081,97.50943396226413,234.24999999999983,0.00520210370229401,0.007602047781569957,0.0071179096929179925,4.976602564102563,52898.96914322146,111533.62115183836,96.79411764705883,221779.45048998977
25/02/2025 16:34:11,34505.08854225843,0.0029880500514668056,9.001785714285713,25702.11773719406,4.98808864265928,76326.41086027389,9.592857142857145,4.934436090225564,0.012277942379863984,39841.63822525597,50578.8335834372,4.9900115473441105,0.0034274147739315475,0.09994798693360588,0,0.009039086912550827,0.005489602851408639,0,0,0.0048255943688425345,4.948466666666666,34964.48790530108,4.946638141809291,46722.741137610035,86365.06160863553,0.003011828628934081,97.50943396226413,234.24999999999983,0.00520210370229401,0.007602047781569957,0.0071179096929179925,4.976602564102563,52898.96914322146,111533.62115183836,96.79411764705883,221779.45048998977
25/02/2025 16:34:41,34969.33030768535,0.003034937929950401,9.758571428571438,25399.188191580244,4.991591203104787,80772.23816205576,9.557142857142857,4.935055865921788,0.012744737200667646,66624.367022891,26343.667106615136,4.992996742671009,0.003449908212705772,0.10004235876247437,0,0.009271173581601068,0.005595285297928775,0,0,0.004935058383207709,4.942331670822942,52559.08961169507,4.946857142857143,50209.021232565225,85094.68637634839,0.0030567844390539216,97.92151162790694,244.3088235294114,0.005388238497141301,0.007790965799268383,0.007457628745113258,4.96069182389937,27446.075303126996,80574.99063255783,96.44230769230768,229765.78978058413
25/02/2025 16:35:11,34969.33030768535,0.003034937929950401,9.758571428571438,25399.188191580244,4.991591203104787,80772.23816205576,9.557142857142857,4.935055865921788,0.012744737200667646,66624.367022891,26343.667106615136,4.992996742671009,0.003449908212705772,0.10004235876247436,0,0.009271173581601068,0.005595285297928775,0,0,0.004935058383207709,4.942331670822942,52559.08961169507,4.946857142857143,50209.021232565225,85094.68637634839,0.0030567844390539216,97.92151162790694,244.3088235294114,0.005388238497141301,0.007790965799268383,0.007457628745113258,4.96069182389937,27446.075303126996,80574.99063255783,96.44230769230768,229765.7897805841
25/02/2025 16:35:41,34885.07986616355,0.003004043190603036,9.763888888888882,52249.35579105445,4.9951303155006865,83725.04180255225,9.64375,4.935407407407407,0.012543047783897612,35156.37469423447,48686.660144977955,4.995886442641947,0.003437336531416667,0.09997917397241624,0,0.009369242957215881,0.005412780081571351,0,0,0.004875000000000001,4.949209486166008,33834.11456892395,4.94727602905569,69330.69804764859,47386.54691529715,0.0030402701391800432,98.5740740740741,234.79166666666632,0.005330482464757063,0.00772393853571302,0.007328417207888463,4.940972222222224,51666.90049103117,111722.60532119824,96.48790322580646,151089.10057799652
25/02/2025 16:36:11,34885.07986616354,0.003004043190603036,9.763888888888882,52249.35579105446,4.9951303155006865,83725.04180255225,9.64375,4.935407407407407,0.012543047783897612,35156.37469423447,48686.660144977955,4.995886442641947,0.003437336531416667,0.09997917397241624,0,0.009369242957215881,0.005412780081571352,0,0,0.004875000000000001,4.949209486166008,33834.11456892395,4.94727602905569,69330.69804764859,47386.54691529715,0.003040270139180043,98.5740740740741,234.79166666666632,0.005330482464757063,0.00772393853571302,0.007328417207888463,4.940972222222224,51666.90049103117,111722.60532119824,96.48790322580646,151089.10057799652
25/02/2025 16:36:41,33121.94641372325,0.0030075897607076503,9.748717948717955,53752.386125212994,4.965840938722295,52412.57681934061,9.724999999999998,4.934281650071124,0.01270651577196627,72044.39459434482,24781.460229922344,4.976990185387132,0.0034487094746659653,0.09998043374209843,0,0.00934951651205303,0.005612258485582499,0,0,0.004932657984006215,4.9544654088050315,35702.10084910187,4.946216530849825,51130.6183273458,90970.90530128304,0.003073636797118527,99.14189189189187,232.89189189189216,0.005411546403602759,0.007830806521401223,0.007542880180343728,4.956028368794329,26906.728287364236,77169.25229046283,96.5,76188.61509514929
25/02/2025 16:37:11,33121.94641372325,0.0030075897607076503,9.748717948717955,53752.386125212994,4.965840938722295,52412.57681934061,9.724999999999998,4.934281650071124,0.012706515771966265,72044.39459434482,24781.460229922344,4.976990185387132,0.0034487094746659653,0.09998043374209843,0,0.00934951651205303,0.005612258485582499,0,0,0.004932657984006214,4.9544654088050315,35702.10084910187,4.946216530849825,51130.6183273458,90970.90530128304,0.003073636797118527,99.14189189189187,232.89189189189216,0.005411546403602759,0.007830806521401223,0.007542880180343728,4.956028368794329,26906.728287364233,77169.2522904628,96.5,76188.61509514929
25/02/2025 16:37:41,34756.758997487916,0.002970669658281894,9.759722222222225,51177.42673421344,4.959059474412172,56538.84761740225,32.749999999999844,4.933432835820895,0.01256766425383622,66223.51523146566,48076.63039311812,4.972322435174746,0.003389910385371155,0.09994218995208304,0,0.009160529326813873,0.00543106818730087,0,0,0.004815599307228315,4.954473684210526,35922.31469119108,4.945543345543346,72294.41008055917,48902.11825003321,0.003044475488529812,103.15517241379199,237.87499999999983,0.00531298700723396,0.007785220433210454,0.007236058015718062,25.999999999999893,24690.31911293373,84778.05631308348,96.52192982456137,1662.7063673076523
25/02/2025 16:38:11,34756.758997487916,0.002970669658281894,9.759722222222225,51177.42673421344,4.959059474412172,56538.847617402236,32.749999999999844,4.933432835820895,0.01256766425383622,66223.51523146566,48076.63039311812,4.972322435174746,0.003389910385371155,0.09994218995208304,0,0.009160529326813873,0.00543106818730087,0,0,0.004815599307228315,4.954473684210526,35922.31469119108,4.945543345543346,72294.41008055917,48902.11825003321,0.003044475488529812,103.15517241379199,237.87499999999983,0.005312987007233959,0.007785220433210454,0.007236058015718062,25.999999999999893,24690.31911293373,84778.05631308348,96.52192982456137,1662.7063673076523
25/02/2025 16:38:41,35238.692582468255,0.0029398237713916444,9.1483870967742,76754.46551594557,4.945661764705882,28168.118844934066,32.999999999999815,4.933200636942676,0.011974678799472643,69654.48330265579,48588.23577518349,4.961842105263158,0.0033715033428063194,0.09986331070427829,0,0.008846940650194613,0.005328761346460572,0,0,0.004713124423017751,4.955463347164592,34869.89987199192,4.945163398692809,51301.007164365066,47460.84006613886,0.002986793338811653,99.87057522123894,230.6764705882352,0.00517811300283759,0.0075606922166710526,0.006994661336655935,46.33333333333334,26049.030669812288,81850.11503761342,97.34285714285717,77530.50837765196
25/02/2025 16:39:11,35238.69258246826,0.002939823771391644,9.1483870967742,76754.46551594557,4.945661764705882,28168.118844934066,32.999999999999815,4.933200636942676,0.011974678799472643,69654.48330265579,48588.23577518349,4.961842105263158,0.0033715033428063194,0.09986331070427829,0,0.008846940650194613,0.005328761346460572,0,0,0.004713124423017751,4.955463347164592,34869.89987199191,4.945163398692809,51301.007164365066,47460.84006613886,0.0029867933388116534,99.87057522123894,230.6764705882352,0.00517811300283759,0.0075606922166710526,0.006994661336655935,46.33333333333334,26049.030669812288,81850.11503761342,97.34285714285717,77530.50837765196
25/02/2025 16:39:41,35184.6158352127,0.00290107470972774,9.210937500000002,75382.58819670789,4.945129375951294,51856.30894289638,30.750000000000053,4.932231404958677,0.011787261481444385,70434.33974770422,50647.48986990829,4.962056303549572,0.003334843250159945,0.09997712558478887,0,0.00848513027528814,0.005232917204763954,0,0,0.004624557120192027,4.948129496402878,35071.81643974623,4.944149659863946,51541.6181996653,83559.69916140038,0.0029811714693366953,99.40763546798033,248.91666666666669,0.004979155536031592,0.007460576160690689,0.006836065502882082,158.49999999999665,25152.383535968827,79166.35782374251,98.23648648648646,149752.1337026807
25/02/2025 16:40:11,35184.6158352127,0.00290107470972774,9.210937500000002,75382.58819670789,4.945129375951294,51856.30894289638,30.750000000000053,4.932231404958677,0.011787261481444385,70434.33974770422,50647.48986990829,4.962056303549572,0.003334843250159945,0.09997712558478887,0,0.00848513027528814,0.005232917204763954,0,0,0.004624557120192027,4.948129496402878,35071.81643974623,4.944149659863946,51541.6181996653,83559.69916140038,0.0029811714693366953,99.40763546798033,248.91666666666669,0.004979155536031592,0.007460576160690689,0.006836065502882082,158.49999999999665,25152.383535968827,79166.35782374251,98.23648648648646,149752.1337026807
25/02/2025 16:40:41,34655.044880490495,0.0028173064274250826,9.132608695652157,52139.78873830756,4.946229802513465,83384.64182002508,33.49999999999998,4.933555133079848,0.010348793433182199,67990.25638101136,76746.38254234489,4.964131994261119,0.0032410943189619904,0.09994391906461368,0,0.007811297882321678,0.004865774094412828,0,0,0.004358630437173385,4.941652754590985,18283.95029247459,4.945729813664596,75628.04401263181,83747.30671670604,0.0028217108599654464,99.16235632183908,240.62499999999955,0.004656331082358196,0.0067589065313205235,0.0060956285451379925,87.62500000000014,24942.14061398971,118539.9316672755,98.92857142857142,240918.9105935057
25/02/2025 16:41:11,34655.044880490495,0.0028173064274250826,9.132608695652157,52139.78873830756,4.946229802513465,83384.64182002508,33.49999999999998,4.933555133079848,0.010348793433182199,67990.25638101136,76746.38254234489,4.964131994261119,0.0032410943189619904,0.09994391906461368,0,0.007811297882321678,0.004865774094412828,0,0,0.004358630437173385,4.941652754590985,18283.95029247459,4.945729813664596,75628.04401263181,83747.30671670604,0.0028217108599654464,99.16235632183908,240.62499999999955,0.004656331082358196,0.0067589065313205235,0.0060956285451379925,87.62500000000014,24942.14061398971,118539.9316672755,98.92857142857142,240918.9105935057
25/02/2025 16:41:41,17325.444174647953,0.0027682932510089357,9.294230769230769,76940.01920587866,4.948988970588235,78593.2623335689,9.360000000000005,4.935148514851485,0.009909871108718393,69186.84837007424,48278.175068306286,4.972769230769231,0.0032110000694294113,0.09996174841127589,0,0.00742284392330336,0.004686539184167672,0,0,0.004255673228943321,4.943631669535284,17796.704483376314,4.946311475409836,49731.623460584604,82634.09715558881,0.002798818264084811,98.0281456953642,240.37500000000026,0.004558266111016325,0.0063805003032515895,0.0059313987748267055,16.74999999999904,52658.16819353301,73645.50147259083,98.5450819672131,293234.0883167672
25/02/2025 16:42:11,17325.444174647953,0.0027682932510089357,9.294230769230769,76940.01920587866,4.948988970588235,78593.2623335689,9.360000000000005,4.935148514851485,0.009909871108718393,69186.84837007424,48278.175068306286,4.972769230769231,0.0032110000694294113,0.09996174841127589,0,0.00742284392330336,0.004686539184167672,0,0,0.004255673228943321,4.943631669535284,17796.704483376314,4.946311475409836,49731.623460584604,82634.09715558881,0.002798818264084811,98.0281456953642,240.37500000000026,0.004558266111016325,0.0063805003032515895,0.0059313987748267055,16.74999999999904,52658.16819353301,73645.50147259083,98.5450819672131,293234.0883167672
25/02/2025 16:42:41,33882.155167885045,0.002662752872231229,9.435185185185187,79344.82892573041,4.950854700854701,79344.84381579925,9.39,4.936218678815489,0.009108706789199067,37027.25654019997,50371.06743375323,4.976618705035971,0.003124310798383134,0.09998970580814452,0,0.0067507086829771195,0.004317779034283914,0,0,0.004055891269322698,4.944111776447105,576.3665861007185,4.946969696969697,71864.72330333,120497.75315283393,0.0027432969235556353,97.68613138686129,244.37500000000014,0.0042334918708249805,0.0060199244966442945,0.005468783099550998,4.9316239316239345,49685.86119712509,106727.53353615283,98.55555555555557,227188.10448941146
25/02/2025 16:43:11,33882.155167885045,0.002662752872231229,9.435185185185187,79344.82892573041,4.950854700854701,79344.84381579926,9.39,4.936218678815489,0.009108706789199067,37027.25654019997,50371.06743375323,4.976618705035971,0.003124310798383134,0.09998970580814452,0,0.006750708682977121,0.004317779034283914,0,0,0.004055891269322698,4.944111776447105,576.3665861007185,4.946969696969697,71864.72330333,120497.75315283396,0.0027432969235556353,97.68613138686129,244.37500000000014,0.004233491870824981,0.0060199244966442945,0.005468783099550998,4.9316239316239345,49685.86119712509,106727.53353615283,98.55555555555557,227188.10448941146
25/02/2025 16:43:41,36403.7513025356,0.002617502848437523,9.571428571428571,51285.447263017355,4.953537735849056,79692.28853346396,9.325,4.938403990024939,0.0081771505300239,70147.60878429544,24093.729085528597,4.980244399185335,0.003080823596764966,0.09992247223614445,0,0.006244350166899963,0.004105978805073438,0,0,0.0039222230767258885,4.944618834080718,18370.37795672082,4.947780126849894,45897.314457999724,85545.40325185742,0.002680540118096558,98.01859504132234,196.27272727272708,0.004054719573600776,0.0056327879902470694,0.005055032645807957,4.824107142857142,52290.7021456587,108424.65005480216,97.0151515151515,232645.82728815495
25/02/2025 16:44:11,36403.7513025356,0.002617502848437523,9.571428571428571,51285.447263017355,4.953537735849056,79692.28853346396,9.325,4.938403990024939,0.0081771505300239,70147.60878429544,24093.729085528597,4.980244399185335,0.003080823596764966,0.09992247223614445,0,0.006244350166899963,0.004105978805073438,0,0,0.0039222230767258885,4.944618834080718,18370.37795672082,4.947780126849894,45897.314457999724,85545.40325185742,0.002680540118096558,98.01859504132234,196.27272727272708,0.004054719573600776,0.0056327879902470694,0.005055032645807957,4.824107142857142,52290.7021456587,108424.65005480216,97.0151515151515,232645.82728815495
25/02/2025 16:44:41,35728.11048165859,0.0025785262054015133,9.794827586206894,51338.38299576229,4.980050505050505,53682.9424324751,9.628571428571426,4.938274932614555,0.007815266267334049,68936.46295719972,24769.95211822987,4.993516483516483,0.003022594728034861,0.09989818420898347,0,0.00596234911185223,0.003931028729687338,0,0,0.0037365788910297603,4.944604316546762,33145.22730652142,4.947737556561086,23575.789581414392,42966.9068509438,0.002660745377487495,97.91,211.14999999999955,0.003927872352799443,0.0054101079425398525,0.0048037867157916326,4.78411214953271,54683.485335046025,74159.54705834085,96.15833333333335,148663.83577476823
25/02/2025 16:45:11,35728.11048165859,0.0025785262054015133,9.794827586206894,51338.38299576229,4.980050505050505,53682.9424324751,9.628571428571426,4.938274932614555,0.007815266267334049,68936.46295719972,24769.95211822987,4.993516483516483,0.003022594728034861,0.09989818420898347,0,0.00596234911185223,0.003931028729687338,0,0,0.0037365788910297603,4.944604316546762,33145.22730652142,4.947737556561086,23575.789581414392,42966.9068509438,0.002660745377487495,97.91,211.14999999999955,0.003927872352799443,0.0054101079425398525,0.0048037867157916326,4.78411214953271,54683.485335046025,74159.54705834085,96.15833333333335,148663.83577476823
25/02/2025 16:45:41,52978.81453991577,0.0025656866333211375,9.677941176470586,48795.26506714185,4.981364829396325,52190.12596571023,9.65625,4.9389502762430935,0.007538559914961818,72623.73997119933,49619.819441528445,4.983750000000001,0.0030270291832878407,0.0999858714584941,0,0.00600765566447187,0.0039021590402851182,0,0,0.0036816131390499667,4.943622448979592,34345.70371274043,4.94712918660287,49418.146482409895,43949.20500497534,0.002661036846290754,97.58663366336631,215.7000000000002,0.0038749173400429043,0.005321260200233152,0.004757466440788744,4.791509433962263,53354.77760978283,110600.65688672234,96.43548387096773,80014.46367544924
25/02/2025 16:46:11,52978.81453991577,0.0025656866333211375,9.677941176470586,48795.26506714185,4.981364829396325,52190.12596571023,9.65625,4.9389502762430935,0.007538559914961818,72623.73997119933,49619.819441528445,4.983750000000001,0.0030270291832878407,0.0999858714584941,0,0.00600765566447187,0.0039021590402851182,0,0,0.0036816131390499675,4.943622448979592,34345.70371274043,4.94712918660287,49418.146482409895,43949.20500497534,0.002661036846290754,97.58663366336631,215.7000000000002,0.0038749173400429043,0.005321260200233152,0.004757466440788744,4.791509433962263,53354.77760978285,110600.65688672234,96.43548387096773,80014.46367544924
25/02/2025 16:46:41,53651.917052066245,0.0025908218792900996,9.64285714285714,25068.680027867336,4.980423940149626,52722.33626912124,9.694444444444445,4.938933333333332,0.007808141864079197,101298.51524571411,47904.00518890871,4.993612334801762,0.003034567050429705,0.09991328960032415,0,0.0062233344824426315,0.003964380032727922,0,0,0.0037109402801418384,4.943472906403941,51725.89688880068,4.947350230414747,23195.45367473341,47615.644759407056,0.002719451844589844,98.72520661157026,218.4117647058823,0.003920899278193491,0.0054388655555600365,0.004793691335163774,4.772772277227722,80554.07543335376,79450.64649764248,96.9054054054054,147661.5504111578
25/02/2025 16:47:11,53651.917052066245,0.0025908218792900996,9.64285714285714,25068.680027867336,4.980423940149626,52722.33626912124,9.694444444444445,4.938933333333332,0.007808141864079198,101298.51524571411,47904.00518890871,4.993612334801762,0.003034567050429705,0.09991328960032415,0,0.0062233344824426315,0.003964380032727922,0,0,0.0037109402801418384,4.943472906403941,51725.89688880068,4.947350230414747,23195.45367473341,47615.644759407056,0.002719451844589844,98.72520661157026,218.4117647058823,0.003920899278193491,0.0054388655555600365,0.004793691335163774,4.772772277227722,80554.07543335376,79450.64649764249,96.9054054054054,147661.5504111578
25/02/2025 16:47:41,35034.79873099584,0.0025964763438730072,9.606060606060602,27471.616857358436,4.97972972972973,27613.443571652762,9.774999999999999,4.935950413223141,0.007723970017683236,106685.0421032333,50533.00275200436,4.99295010845987,0.003057234022612443,0.09993993164455164,0,0.00616477327651061,0.003943171940290602,0,0,0.0036206344580919903,4.943325242718447,53766.15188499668,4.947986577181208,49967.038449358166,85540.98842951588,0.0027232746899592116,98.24000000000002,223.9285714285716,0.003940039641080549,0.0054099676458614614,0.004775715692526601,4.759278350515464,50849.896013380545,77457.41508089419,97.00641025641025,71610.00402090873
25/02/2025 16:48:11,35034.79873099583,0.0025964763438730072,9.606060606060602,27471.616857358436,4.97972972972973,27613.443571652762,9.774999999999999,4.935950413223141,0.007723970017683236,106685.0421032333,50533.00275200436,4.99295010845987,0.003057234022612443,0.09993993164455164,0,0.00616477327651061,0.003943171940290602,0,0,0.0036206344580919903,4.943325242718447,53766.15188499668,4.947986577181208,49967.038449358166,85540.98842951588,0.0027232746899592108,98.24000000000002,223.9285714285716,0.003940039641080549,0.0054099676458614614,0.004775715692526601,4.759278350515464,50849.896013380545,77457.41508089419,97.00641025641025,71610.00402090873
25/02/2025 16:48:41,53633.045279367085,0.0026801149287681105,9.39411764705882,48524.50767693576,4.954295154185023,53816.10911311664,9.73,4.934974747474747,0.008308755961065258,72783.02371686614,48786.93047680439,16.44999999999991,0.0031127776021415785,0.09996370821709002,0,0.006702498429700153,0.004195910145815997,0,0,0.003777800730713454,4.943444444444444,35813.993261616866,4.947314049586776,45735.513056798874,85544.91057555623,0.0027738960289298946,98.51845637583892,213.28571428571428,0.004099002510687392,0.005819853751031212,0.005165896742382534,4.79132653061224,49789.35685874223,78364.775820395,96.44444444444446,140027.77899382732
25/02/2025 16:49:11,53633.04527936707,0.0026801149287681105,9.39411764705882,48524.50767693576,4.954295154185023,53816.10911311664,9.73,4.934974747474747,0.008308755961065258,72783.02371686614,48786.93047680439,16.44999999999991,0.0031127776021415785,0.09996370821709002,0,0.006702498429700153,0.004195910145815997,0,0,0.003777800730713454,4.943444444444444,35813.993261616866,4.947314049586776,45735.513056798874,85544.91057555623,0.002773896028929894,98.51845637583892,213.28571428571428,0.004099002510687392,0.005819853751031212,0.005165896742382534,4.79132653061224,49789.35685874223,78364.775820395,96.44444444444446,140027.77899382732
25/02/2025 16:49:41,35086.86070496246,0.002655919096769884,9.38225806451613,27369.167808233884,4.954493087557604,27955.729357541055,9.75,4.935378590078329,0.00815354075304253,103131.41954824144,49807.26666499116,26.250000000001464,0.0030718833513450144,0.08831958932238196,0,0.006432569339962056,0.00408384614393624,0,0,0.00372770547194547,4.944356659142212,52351.003774593315,4.947329059829059,46740.705673131146,123369.66049584612,0.002766589610249468,99.08007812499997,217.71739130434804,0.0040299176069363675,0.005715267925800741,0.004958533161532544,4.799489795918367,50531.51197078542,78174.42976879363,97.08088235294122,184570.3177862521
25/02/2025 16:50:11,35086.86070496246,0.002655919096769884,9.38225806451613,27369.167808233884,4.954493087557604,27955.729357541055,9.75,4.935378590078329,0.00815354075304253,103131.41954824144,49807.26666499116,26.250000000001464,0.0030718833513450144,0.08831958932238196,0,0.006432569339962056,0.00408384614393624,0,0,0.00372770547194547,4.944356659142212,52351.003774593315,4.947329059829059,46740.705673131146,123369.66049584612,0.002766589610249468,99.08007812499997,217.71739130434804,0.0040299176069363675,0.005715267925800741,0.004958533161532544,4.799489795918367,50531.51197078542,78174.42976879363,97.08088235294122,184570.3177862521
25/02/2025 16:50:41,35911.81493029302,0.002585813546701443,9.420967741935481,51543.226020028145,4.953300733496333,27304.83834520392,9.754545454545454,4.935,0.0077574740272968,74675.94501869947,49152.47327003149,29.74999999999783,0.003063289467711522,0.06698192050051331,0,0.006178999042145582,0.0039696722668211525,0,0,0.0036898421058865747,4.94392523364486,36888.056643593896,4.946563192904656,47422.39281503223,80167.56066411237,0.0027052936528838526,96.99358974358977,209.91666666666637,0.0039358779073173575,0.0056189105295460446,0.004881713955997099,4.8061224489795915,24420.324474574663,72591.56651049094,94.98684210526307,121766.37034572582
25/02/2025 16:51:11,35911.81493029302,0.002585813546701443,9.420967741935481,51543.226020028145,4.953300733496333,27304.83834520392,9.754545454545454,4.935,0.0077574740272968,74675.94501869947,49152.47327003149,29.74999999999783,0.003063289467711522,0.0669819205005133,0,0.006178999042145582,0.0039696722668211525,0,0,0.0036898421058865747,4.94392523364486,36888.056643593896,4.946563192904656,47422.39281503223,80167.56066411237,0.0027052936528838526,96.99358974358977,209.91666666666637,0.0039358779073173575,0.0056189105295460446,0.004881713955997099,4.8061224489795915,24420.324474574663,72591.56651049094,94.98684210526307,121766.3703457258
25/02/2025 16:51:41,34904.64726294642,0.002579483323085103,9.403125000000003,52088.468346263915,4.976595744680851,55115.87581148804,9.666666666666666,4.93727959697733,0.008177454464417174,35689.19850957634,49467.69164068102,50.10000000000012,0.0030443062248828516,0.04244649307461071,0,0.006432588094653774,0.004023895386345966,0,0,0.00374575480978981,4.944630872483222,17783.391221976635,4.945154185022027,24871.19763310638,81749.43196662258,0.0027463140679738988,95.45909090909095,182.090909090909,0.003970378027924539,0.005809460843729971,0.005034683193632482,4.813679245283023,26629.939177224394,38533.40602577929,91.02272727272737,172010.05840097636
25/02/2025 16:52:11,34904.64726294642,0.002579483323085103,9.403125000000003,52088.468346263915,4.976595744680851,55115.87581148804,9.666666666666666,4.93727959697733,0.008177454464417174,35689.19850957634,49467.69164068102,50.10000000000012,0.0030443062248828516,0.04244649307461071,0,0.006432588094653774,0.004023895386345966,0,0,0.00374575480978981,4.944630872483222,17783.391221976635,4.945154185022027,24871.19763310638,81749.43196662258,0.0027463140679738988,95.45909090909095,182.090909090909,0.003970378027924539,0.005809460843729971,0.005034683193632482,4.813679245283023,26629.939177224394,38533.40602577929,91.02272727272737,172010.05840097636
25/02/2025 16:52:41,17139.649190054664,0.0025457396171256474,9.388709677419357,51886.89935325244,4.976741293532339,53409.67206734806,9.761538461538462,4.9377237851662406,0.008031130667469182,35613.2543514693,49477.48826994109,7.799999999999968,0.0030249118165784784,0.01968181365523752,0,0.00631069530885094,0.003972041428025179,0,0,0.00375729355293036,4.94364896073903,17620.24894744952,4.944545454545455,48224.82560662194,81055.6462655643,0.002786814880474669,77.69642857142863,158.49999999999977,0.004006976506011757,0.0056471327592214566,0.004994910049731323,4.8545454545454545,50052.747631776685,73858.22634496276,80.7,106869.60023207583
25/02/2025 16:53:11,17139.649190054664,0.0025457396171256474,9.388709677419357,51886.89935325244,4.976741293532339,53409.67206734806,9.761538461538462,4.9377237851662406,0.008031130667469182,35613.2543514693,49477.4882699411,7.799999999999968,0.0030249118165784792,0.01968181365523752,0,0.00631069530885094,0.003972041428025179,0,0,0.00375729355293036,4.94364896073903,17620.24894744952,4.944545454545455,48224.82560662194,81055.6462655643,0.002786814880474669,77.69642857142863,158.49999999999977,0.004006976506011757,0.0056471327592214566,0.004994910049731323,4.8545454545454545,50052.747631776685,73858.22634496276,80.7,106869.60023207583
25/02/2025 16:53:41,36367.152247367085,0.0025284293107314996,9.57,79627.05218885752,4.965091863517061,82652.85649925988,9.715384615384616,4.936856368563685,0.007644097921939729,35968.04073633607,49515.2368182159,8.349999999999977,0.003006491992237927,0.007553061277412304,0,0.006417417172138375,0.0039615557340380424,0,0,0.0037359981289732695,4.9415000000000004,17921.505735793806,4.956085918854415,48865.91166861341,45129.40792103895,0.0027689863771214666,4.906537356321839,84.7500000000001,0.004006337287881067,0.005741938995996716,0.0049211738019061015,4.844186046511626,26108.91926944911,73710.03885279465,4.97,106819.53892831522
25/02/2025 16:54:11,36367.152247367085,0.0025284293107314996,9.57,79627.05218885752,4.965091863517061,82652.85649925988,9.715384615384616,4.936856368563685,0.007644097921939729,35968.04073633607,49515.2368182159,8.349999999999977,0.003006491992237927,0.007553061277412304,0,0.006417417172138375,0.0039615557340380424,0,0,0.0037359981289732695,4.9415000000000004,17921.505735793806,4.956085918854415,48865.91166861341,45129.40792103895,0.0027689863771214666,4.906537356321839,84.7500000000001,0.004006337287881067,0.005741938995996716,0.0049211738019061015,4.844186046511626,26108.91926944911,73710.03885279465,4.97,106819.53892831522
25/02/2025 16:54:41,16911.763085182592,0.002534737982150464,9.509999999999996,78126.66694962014,4.9802989130434785,112110.58888581696,9.699999999999996,4.937675070028011,0.007517127388642461,35619.43286686374,49904.824345735666,12.750000000000174,0.002995049151253049,0.007308697165526662,0,0.006260495426426259,0.0038274606340987366,0,0,0.0036196880889754215,4.942635658914728,18167.87165527818,4.9564393939393945,48351.79061189094,90436.27839757486,0.0027789393307250903,4.908692528735633,71.25000000000028,0.0038806781029617657,0.005572291869672381,0.0046856605824727015,4.845569620253165,50424.83689911563,78305.57757501138,4.971071428571428,103011.07537207965
25/02/2025 16:55:11,16911.763085182592,0.002534737982150464,9.509999999999996,78126.66694962014,4.9802989130434785,112110.58888581696,9.699999999999996,4.937675070028011,0.007517127388642461,35619.43286686374,49904.824345735666,12.750000000000174,0.002995049151253049,0.007308697165526664,0,0.006260495426426259,0.0038274606340987366,0,0,0.0036196880889754215,4.942635658914728,18167.87165527818,4.9564393939393945,48351.79061189094,90436.27839757486,0.0027789393307250903,4.908692528735633,71.25000000000028,0.0038806781029617657,0.005572291869672381,0.0046856605824727015,4.845569620253165,50424.83689911563,78305.57757501138,4.971071428571428,103011.07537207966
25/02/2025 16:55:41,34589.32183212019,0.0025267178370014442,9.578125,97876.73327443126,4.954901960784314,76081.28696399719,9.713636363636365,4.937573964497043,0.007123138638607117,36790.78099380819,72479.05253907375,4.973571428571429,0.003021333475693391,0.007020674753439038,0,0.006140034690819158,0.0038031177759219642,0,0,0.003624201306475678,4.942213114754098,34574.619785410345,4.957963446475196,70942.02260384559,88817.44502553753,0.0027607731187978173,4.908021806853583,49.576923076923066,0.003878232732888115,0.00546816635686557,0.004678207628273684,4.851333333333333,76295.08706337039,113417.89847310609,4.959925558312655,105118.66161778233
25/02/2025 16:56:11,34589.32183212019,0.0025267178370014442,9.578125,97876.73327443126,4.954901960784314,76081.28696399719,9.713636363636365,4.937573964497043,0.007123138638607117,36790.78099380819,72479.05253907375,4.973571428571429,0.003021333475693391,0.007020674753439038,0,0.006140034690819158,0.0038031177759219642,0,0,0.003624201306475678,4.942213114754098,34574.619785410345,4.957963446475196,70942.02260384559,88817.44502553753,0.0027607731187978173,4.908021806853583,49.576923076923066,0.003878232732888115,0.00546816635686557,0.004678207628273684,4.851333333333333,76295.08706337039,113417.89847310609,4.959925558312655,105118.66161778233
25/02/2025 16:56:41,34978.51900820913,0.002540770743741041,11.299999999999995,75847.42996102468,4.955342465753425,54288.848263254105,14.799999999999887,4.938260869565218,0.007322445449438422,72503.25379609544,51054.25005259701,4.973404255319148,0.003063670283336839,0.007059550838196054,0,0.006193471774725592,0.003806618308404688,0,0,0.0035862246605258908,4.955570652173913,35570.49038237158,4.958418367346939,48845.83230882714,88144.1334076757,0.0027587593409260196,4.9246951219512205,152.4999999999988,0.0038437184985220954,0.005610705328091105,0.004588826806169074,4.93021978021978,53437.22150795188,74046.53418528802,4.9477995110024455,99388.36889500066
25/02/2025 16:57:11,34978.51900820913,0.002540770743741041,11.299999999999995,75847.42996102468,4.955342465753425,54288.848263254105,14.799999999999887,4.938260869565218,0.007322445449438422,72503.25379609544,51054.25005259701,4.973404255319148,0.003063670283336839,0.007059550838196054,0,0.006193471774725592,0.003806618308404688,0,0,0.0035862246605258908,4.955570652173913,35570.49038237158,4.958418367346939,48845.83230882714,88144.1334076757,0.0027587593409260196,4.9246951219512205,152.4999999999988,0.0038437184985220954,0.005610705328091105,0.004588826806169074,4.93021978021978,53437.22150795188,74046.53418528802,4.9477995110024455,99388.36889500066
25/02/2025 16:57:41,17239.17094003001,0.0026018049253892306,9.89107142857143,71124.65841128062,4.953414634146342,26604.53223910757,16.90000000000002,4.938832487309645,0.007988002204187947,38396.69449944048,49544.84034557378,4.970625,0.0031344962584865465,0.0073835457283503,0,0.006199023367675266,0.003946329580411935,0,0,0.0037427174177545094,4.955058823529412,18091.722724972835,4.945964125560538,25188.252351889943,122754.20065650492,0.0028217760153016616,4.922873082287308,106.74999999999837,0.004004227065591684,0.005673908926573129,0.004907155140439025,4.9031914893617,71394.56642044696,76604.2146745483,4.991106290672451,51236.47904657037
25/02/2025 16:58:11,17239.17094003001,0.0026018049253892306,9.89107142857143,71124.65841128062,4.953414634146342,26604.53223910757,16.90000000000002,4.938832487309645,0.007988002204187947,38396.69449944048,49544.84034557378,4.970625,0.0031344962584865465,0.0073835457283503,0,0.006199023367675266,0.003946329580411935,0,0,0.0037427174177545094,4.955058823529412,18091.722724972835,4.945964125560538,25188.252351889943,122754.20065650492,0.0028217760153016616,4.922873082287308,106.74999999999837,0.004004227065591684,0.005673908926573129,0.004907155140439025,4.9031914893617,71394.56642044696,76604.2146745483,4.991106290672451,51236.47904657037
25/02/2025 16:58:41,18132.01837946879,0.002634190181521481,9.857812500000001,52644.956697832735,4.963720930232559,25704.159452960026,16.14999999999994,4.937864077669904,0.008205386317698491,71878.95824720958,73938.44802876291,4.988899803536347,0.003137622089121952,0.007899977556974743,0,0.006476353318408097,0.004106855099314907,0,0,0.0038891397018975937,4.953828828828829,33833.601266691985,4.946218487394958,49742.747673782156,85016.32756825021,0.0028533995982723964,4.938050734312417,156.1000000000022,0.0041080847658401054,0.005906994625878465,0.005165097324849487,4.943298969072162,52120.009046336876,72303.14215181077,4.988650306748466,51712.908820108954
25/02/2025 16:59:11,18132.01837946879,0.002634190181521481,9.857812500000001,52644.956697832735,4.963720930232559,25704.159452960026,16.14999999999994,4.937864077669904,0.008205386317698491,71878.95824720958,73938.44802876291,4.988899803536347,0.003137622089121952,0.007899977556974743,0,0.006476353318408097,0.004106855099314907,0,0,0.0038891397018975937,4.953828828828829,33833.601266691985,4.946218487394958,49742.747673782156,85016.32756825021,0.0028533995982723964,4.938050734312417,156.1000000000022,0.0041080847658401054,0.005906994625878465,0.005165097324849487,4.943298969072162,52120.009046336876,72303.14215181077,4.988650306748466,51712.908820108954
25/02/2025 16:59:41,245.5299034048092,0.002663553345158581,10.999999999999893,50033.26662618045,4.973738532110092,27280.571713478475,20.425000000000004,4.936570743405277,0.008435539705063649,72103.5680454689,50120.994477447835,4.997232824427481,0.003121266215442245,0.008078401148328454,0,0.006376247841543919,0.004123977485316949,0,0,0.003914402975396086,4.952960526315789,18511.2071087272,4.945687885010267,48273.11503271209,84790.73641442356,0.002869480886483517,4.934289439374186,151.30000000000157,0.004138249958451054,0.005980431422731124,0.0051393543383742215,4.929891304347827,51339.87373811326,39794.28963704327,4.9873517786561266,52597.62015446975
25/02/2025 17:00:11,245.5299034048092,0.002663553345158581,10.999999999999893,50033.26662618045,4.973738532110092,27280.571713478475,20.425000000000004,4.936570743405277,0.008435539705063649,72103.5680454689,50120.994477447835,4.997232824427481,0.003121266215442245,0.008078401148328454,0,0.006376247841543919,0.004123977485316949,0,0,0.003914402975396087,4.952960526315789,18511.2071087272,4.945687885010267,48273.11503271209,84790.73641442356,0.002869480886483517,4.934289439374186,151.30000000000157,0.004138249958451054,0.005980431422731124,0.0051393543383742215,4.929891304347827,51339.87373811327,39794.28963704327,4.9873517786561266,52597.62015446975
25/02/2025 17:00:41,17633.044520734566,0.0026584217535117515,9.452173913043481,53849.704945427955,4.973776223776224,26252.33633705317,17.50000000000005,4.935503685503686,0.008303455056063247,69571.7467691025,47724.752283510315,4.99750479846449,0.0030817827518316524,0.008087999646268143,0,0.0062799719048897895,0.0040793775131860634,0,0,0.00395239096706096,4.9539045553145336,36686.11194638945,4.946319018404908,47843.192388487914,85258.94188856984,0.0028723733353453757,4.921813403416556,96.06249999999983,0.004141520956416221,0.005834605840430397,0.005215279423905322,4.794303797468353,48564.73725353258,75185.73674538614,4.9875249500998,110133.42766183235
25/02/2025 17:01:11,17633.044520734566,0.0026584217535117515,9.452173913043481,53849.704945427955,4.973776223776224,26252.33633705317,17.50000000000005,4.935503685503686,0.008303455056063247,69571.7467691025,47724.752283510315,4.99750479846449,0.0030817827518316524,0.008087999646268143,0,0.0062799719048897895,0.0040793775131860634,0,0,0.00395239096706096,4.9539045553145336,36686.11194638945,4.946319018404908,47843.192388487914,85258.94188856984,0.0028723733353453757,4.921813403416556,96.06249999999983,0.004141520956416221,0.005834605840430397,0.005215279423905322,4.794303797468353,48564.73725353258,75185.73674538614,4.9875249500998,110133.42766183235
25/02/2025 17:01:41,17830.238038432723,0.002676048978666003,9.413636363636362,54536.07992219963,31.583333333333528,51053.65107179245,17.50000000000005,4.933545918367347,0.00850093565506513,71298.80806606554,24413.087629421472,47.37500000000078,0.003065753152122543,0.008106738147706117,0,0.006395770073332246,0.0041551719565025265,0,0,0.003931386399578283,4.954731182795699,51498.0132289384,4.946618852459016,70489.03149814178,89781.55951585482,0.0028921857930358998,4.910597439544807,219.75000000000077,0.00407844482062789,0.005839804244125875,0.005260027213094785,4.935638297872341,51751.67527675276,39686.301924593456,4.9477955911823654,160865.9948261896
25/02/2025 17:02:11,17830.238038432723,0.002676048978666003,9.413636363636362,54536.07992219963,31.583333333333528,51053.651071792454,17.50000000000005,4.933545918367347,0.00850093565506513,71298.80806606554,24413.087629421472,47.37500000000078,0.003065753152122543,0.008106738147706117,0,0.006395770073332246,0.0041551719565025265,0,0,0.003931386399578283,4.954731182795699,51498.0132289384,4.946618852459016,70489.03149814178,89781.55951585482,0.0028921857930358998,4.910597439544807,219.75000000000077,0.004078444820627891,0.005839804244125875,0.005260027213094785,4.935638297872341,51751.67527675276,39686.301924593456,4.9477955911823654,160865.9948261896
25/02/2025 17:02:41,35153.656518723416,0.0026113043067096013,9.74999999999999,49334.00002400087,29.18750000000008,27695.35526598139,89,4.93297213622291,0.007423783494642525,73241.75997611278,24574.325254607127,33.500000000000426,0.0029728266084786993,0.007027509052123921,0,0.005806542482575498,0.0038639431019516723,0,0,0.003728643587425229,4.957142857142857,37308.871761585644,4.9468058968058966,71525.40435313853,123607.3016926651,0.0027968712133240848,4.887030716723552,200.28571428571425,0.003886551351260384,0.005381124832042988,0.00481325822685194,4.917073170731706,79338.99012380025,73175.86881299835,4.9475961538461535,204797.37349469698
25/02/2025 17:03:11,35153.656518723416,0.0026113043067096013,9.74999999999999,49334.00002400087,29.18750000000008,27695.35526598139,89,4.93297213622291,0.007423783494642525,73241.75997611278,24574.325254607127,33.500000000000426,0.0029728266084786993,0.007027509052123921,0,0.005806542482575498,0.0038639431019516723,0,0,0.003728643587425229,4.957142857142857,37308.871761585644,4.9468058968058966,71525.40435313853,123607.3016926651,0.0027968712133240848,4.887030716723552,200.28571428571425,0.003886551351260384,0.005381124832042988,0.00481325822685194,4.917073170731706,79338.99012380025,73175.86881299835,4.9475961538461535,204797.37349469698
25/02/2025 17:03:41,50621.98063748352,0.002444425995417263,9.524999999999995,26307.499220849233,33.49999999999976,55171.28219270162,92.74999999999997,4.932579185520361,0.005785047429792671,73427.86229600957,24421.995372712274,50.24999999999964,0.0027970378724427583,0.0054728764043030145,0,0.0047276709953135215,0.0033283509800453156,0,0,0.0032233327778297127,4.963736263736263,52912.16418158272,4.947535211267605,47594.57280261946,120097.01674339862,0.002626571998327491,4.877168367346939,228.99999999999955,0.0034002214763076384,0.004410805759528144,0.003984823493297862,101.49999999999784,74054.08437422517,106905.29455630128,4.947359154929578,198246.44186462477
25/02/2025 17:04:11,50621.98063748352,0.002444425995417263,9.524999999999995,26307.499220849233,33.49999999999976,55171.28219270162,92.74999999999997,4.932579185520361,0.005785047429792671,73427.86229600957,24421.995372712274,50.24999999999964,0.0027970378724427583,0.0054728764043030145,0,0.0047276709953135215,0.0033283509800453156,0,0,0.0032233327778297127,4.963736263736263,52912.16418158272,4.947535211267605,47594.57280261946,120097.01674339862,0.002626571998327491,4.877168367346939,228.99999999999955,0.0034002214763076384,0.004410805759528144,0.003984823493297862,101.49999999999784,74054.08437422517,106905.29455630128,4.947359154929578,198246.44186462477
25/02/2025 17:04:41,35973.12682701677,0.0022772425128126227,9.818749999999994,24826.873300751235,43.83333333333333,53009.99904533814,95.25000000000003,4.931496062992126,0.004209602340172974,37588.42656525058,24462.668776502742,65.8749999999998,0.0026502905177820113,0.004235438858159232,0,0.003747408183763492,0.002935833105747785,0,0.6749999999999613,0.0027819546348850865,4.945962732919255,34472.97811530957,4.946951219512195,49080.9367314327,125944.08489453688,0.0024584636818982234,4.863432835820896,317.49999999999613,0.0029196091697347264,0.0034507956956987954,0.0030995783244102274,138.99999999999983,76343.47273436615,70882.9574359844,4.947272727272727,136705.93771560062
25/02/2025 17:05:11,35973.12682701677,0.0022772425128126227,9.818749999999994,24826.873300751235,43.83333333333333,53009.99904533814,95.25000000000003,4.931496062992126,0.004209602340172974,37588.42656525058,24462.668776502742,65.8749999999998,0.0026502905177820113,0.004235438858159232,0,0.003747408183763492,0.002935833105747785,0,0.6749999999999613,0.0027819546348850865,4.945962732919255,34472.97811530957,4.946951219512195,49080.9367314327,125944.08489453688,0.0024584636818982234,4.863432835820896,317.49999999999613,0.0029196091697347264,0.0034507956956987954,0.0030995783244102274,138.99999999999983,76343.47273436615,70882.9574359844,4.947272727272727,136705.93771560062
25/02/2025 17:05:41,34850.79108586374,0.0020784364193405093,90.99999999999996,25031.816180427584,40.500000000000014,28560.181150057593,97.75,4.92962962962963,0.0023425357741671117,35073.25728353182,25712.447066868903,40.500000000000014,0.0024746052481610437,0.002610062340153463,0,0.0025968859722454492,0.0023319621336899228,0,0,0.0023555727593471596,4.944117647058824,18483.462925984815,4.945714285714286,46194.67457305889,78465.00585186423,0.002266299617263542,4.867708333333333,221.50000000000014,0.0024488325544523323,0.002577351375606714,0.00218605644285557,4.762500000000001,51238.55454307011,106211.9134301605,4.947222222222222,88437.8516624041
25/02/2025 17:06:11,34850.79108586374,0.0020784364193405093,90.99999999999996,25031.816180427584,40.500000000000014,28560.181150057593,97.75,4.92962962962963,0.0023425357741671117,35073.25728353182,25712.447066868903,40.500000000000014,0.0024746052481610437,0.002610062340153463,0,0.0025968859722454492,0.0023319621336899228,0,0,0.0023555727593471596,4.944117647058824,18483.462925984815,4.945714285714286,46194.67457305889,78465.00585186423,0.002266299617263542,4.867708333333333,221.50000000000014,0.0024488325544523323,0.002577351375606714,0.00218605644285557,4.762500000000001,51238.55454307011,106211.9134301605,4.947222222222222,88437.8516624041
25/02/2025 17:06:41,35569.527017257366,0.0020383919230833034,NaN,25396.0465348845,NaN,55987.66297490537,NaN,NaN,0.001786385540644791,16.679969376618722,25094.64605063876,NaN,0.0024562536900921603,0.0020253508963158323,NaN,0.0022401946786188855,0.0021160413680456082,NaN,NaN,0.0022387079598899713,NaN,18024.277245479156,NaN,23642.946192589636,77689.21776773484,0.0022316092980531237,NaN,NaN,0.0022882552923033737,0.002193925005293947,0.0018945087185624784,NaN,24418.9127050073,70232.7342330378,NaN,92194.85855147318
25/02/2025 17:07:11,35569.527017257366,0.0020383919230833034,NaN,25396.0465348845,NaN,55987.66297490537,NaN,NaN,0.001786385540644791,16.679969376618722,25094.64605063876,NaN,0.0024562536900921603,0.0020253508963158323,NaN,0.0022401946786188855,0.0021160413680456082,NaN,NaN,0.0022387079598899713,NaN,18024.277245479156,NaN,23642.946192589636,77689.21776773484,0.0022316092980531237,NaN,NaN,0.0022882552923033737,0.002193925005293947,0.0018945087185624784,NaN,24418.9127050073,70232.7342330378,NaN,92194.85855147318
25/02/2025 17:07:41,17352.41037448701,0.0020496132932554265,NaN,50746.32884393473,NaN,52883.0072150311,NaN,NaN,0.001779284158002731,33755.65711208091,24435.495898583147,NaN,0.002476343427526369,0.0020092235982720097,NaN,0.0022184847813490555,0.002100642790786813,NaN,NaN,0.0022419392242771564,NaN,18779.154986659458,NaN,47760.14281213902,40294.76123930605,0.002229889389051548,NaN,NaN,0.002270482947607193,0.0022003690884465597,0.0018807182610521794,NaN,0,70220.98977187961,NaN,45204.50986275582
25/02/2025 17:08:11,17352.41037448701,0.0020496132932554265,NaN,50746.32884393473,NaN,52883.0072150311,NaN,NaN,0.001779284158002731,33755.65711208091,24435.495898583147,NaN,0.002476343427526369,0.0020092235982720097,NaN,0.0022184847813490555,0.002100642790786813,NaN,NaN,0.0022419392242771564,NaN,18779.154986659458,NaN,47760.142812139035,40294.76123930605,0.002229889389051548,NaN,NaN,0.002270482947607193,0.0022003690884465597,0.0018807182610521798,NaN,0,70220.98977187961,NaN,45204.50986275582
25/02/2025 17:08:41,18819.13131418807,0.0020842884490563864,NaN,51012.54220531682,NaN,53579.07067551738,NaN,NaN,0.0017739038519841632,35267.100276384816,24200.786410691217,NaN,0.0024929466470270277,0.002023125596550697,NaN,0.002221023014617937,0.002095817589249061,NaN,NaN,0.002223107486755742,NaN,35554.32862553713,NaN,48229.7430326895,38354.89231213827,0.0022314562954438406,NaN,NaN,0.002242649563418554,0.00221555947238634,0.0018804015750704384,NaN,0,68249.32604616482,NaN,45263.20639831485
25/02/2025 17:09:11,18819.13131418807,0.0020842884490563864,NaN,51012.54220531682,NaN,53579.07067551738,NaN,NaN,0.0017739038519841632,35267.100276384816,24200.786410691228,NaN,0.002492946647027029,0.0020231255965506975,NaN,0.002221023014617937,0.002095817589249061,NaN,NaN,0.002223107486755742,NaN,35554.32862553713,NaN,48229.7430326895,38354.89231213827,0.0022314562954438406,NaN,NaN,0.002242649563418554,0.00221555947238634,0.0018804015750704384,NaN,0,68249.32604616482,NaN,45263.206398314855
